service,month,file,size_mb,n_rows,n_row_groups,n_columns,compression,schema_fingerprint,min_pickup,max_pickup,created_by
hvfhv,2024-01,fhvhv_tripdata_2024-01.parquet,450.9,19663930,19,24,ZSTD,fa01fc19a9,2024-01-01 00:00:00,2024-01-31 23:59:59,parquet-cpp-arrow version 14.0.2
hvfhv,2024-02,fhvhv_tripdata_2024-02.parquet,441.1,19359148,19,24,ZSTD,fa01fc19a9,2024-02-01 00:00:00,2024-02-29 23:59:59,parquet-cpp-arrow version 14.0.2
hvfhv,2024-03,fhvhv_tripdata_2024-03.parquet,484.4,21280788,21,24,ZSTD,fa01fc19a9,2024-03-01 00:00:00,2024-03-31 23:59:59,parquet-cpp-arrow version 14.0.2
hvfhv,2024-04,fhvhv_tripdata_2024-04.parquet,454.1,19733038,19,24,ZSTD,fa01fc19a9,2024-04-01 00:00:00,2024-04-30 23:59:59,parquet-cpp-arrow version 14.0.2
hvfhv,2024-05,fhvhv_tripdata_2024-05.parquet,475.5,20704538,20,24,ZSTD,fa01fc19a9,2024-05-01 00:00:00,2024-05-31 23:59:59,parquet-cpp-arrow version 14.0.2
hvfhv,2024-06,fhvhv_tripdata_2024-06.parquet,462.0,20123226,20,24,ZSTD,fa01fc19a9,2024-06-01 00:00:00,2024-06-30 23:59:59,parquet-cpp-arrow version 14.0.2
hvfhv,2024-07,fhvhv_tripdata_2024-07.parquet,446.7,19182934,19,24,ZSTD,fa01fc19a9,2024-07-01 00:00:00,2024-07-31 23:59:59,parquet-cpp-arrow version 14.0.2
hvfhv,2024-08,fhvhv_tripdata_2024-08.parquet,444.4,19128392,19,24,ZSTD,fa01fc19a9,2024-08-01 00:00:00,2024-08-31 23:59:59,parquet-cpp-arrow version 16.1.0
hvfhv,2024-09,fhvhv_tripdata_2024-09.parquet,444.9,19209788,19,24,ZSTD,fa01fc19a9,2024-09-01 00:00:00,2024-09-30 23:59:59,parquet-cpp-arrow version 16.1.0
hvfhv,2024-10,fhvhv_tripdata_2024-10.parquet,462.6,20028282,20,24,ZSTD,fa01fc19a9,2024-10-01 00:00:00,2024-10-31 23:59:59,parquet-cpp-arrow version 16.1.0
hvfhv,2024-11,fhvhv_tripdata_2024-11.parquet,458.0,19987533,20,24,ZSTD,fa01fc19a9,2024-11-01 00:00:00,2024-11-30 23:59:59,parquet-cpp-arrow version 14.0.2
hvfhv,2024-12,fhvhv_tripdata_2024-12.parquet,484.0,21068851,21,24,ZSTD,fa01fc19a9,2024-12-01 00:00:00,2024-12-31 23:59:59,parquet-cpp-arrow version 14.0.2
hvfhv,2025-01,fhvhv_tripdata_2025-01.parquet,468.3,20405666,20,25,ZSTD,b47916b42d,2025-01-01 00:00:00,2025-01-31 23:59:59,parquet-cpp-arrow version 16.1.0
hvfhv,2025-02,fhvhv_tripdata_2025-02.parquet,440.2,19339461,19,25,ZSTD,b47916b42d,2025-02-01 00:00:00,2025-02-28 23:59:59,parquet-cpp-arrow version 16.1.0
hvfhv,2025-03,fhvhv_tripdata_2025-03.parquet,478.5,20536879,20,25,ZSTD,b47916b42d,2025-03-01 00:00:00,2025-03-31 23:59:58,parquet-cpp-arrow version 16.1.0
hvfhv,2025-04,fhvhv_tripdata_2025-04.parquet,464.6,19753983,19,25,ZSTD,b47916b42d,2025-04-01 00:00:00,2025-04-30 23:59:59,parquet-cpp-arrow version 16.1.0
hvfhv,2025-05,fhvhv_tripdata_2025-05.parquet,493.4,21091193,21,25,ZSTD,b47916b42d,2025-05-01 00:00:00,2025-05-31 23:59:59,parquet-cpp-arrow version 16.1.0
hvfhv,2025-06,fhvhv_tripdata_2025-06.parquet,468.1,19868009,19,25,ZSTD,b47916b42d,2025-06-01 00:00:00,2025-06-30 23:59:59,parquet-cpp-arrow version 16.1.0
hvfhv,2025-07,fhvhv_tripdata_2025-07.parquet,464.7,19653012,19,25,ZSTD,b47916b42d,2025-07-01 00:00:00,2025-07-31 23:59:59,parquet-cpp-arrow version 16.1.0
hvfhv,2025-08,fhvhv_tripdata_2025-08.parquet,457.4,19271461,19,25,ZSTD,b47916b42d,2025-08-01 00:00:00,2025-08-31 23:59:59,parquet-cpp-arrow version 16.1.0
hvfhv,2025-09,fhvhv_tripdata_2025-09.parquet,458.6,19434641,19,25,ZSTD,b47916b42d,2025-09-01 00:00:00,2025-09-30 23:59:59,parquet-cpp-arrow version 16.1.0
hvfhv,2025-10,fhvhv_tripdata_2025-10.parquet,494.5,21308701,21,25,ZSTD,b47916b42d,2025-10-01 00:00:00,2025-10-31 23:59:59,parquet-cpp-arrow version 16.1.0
hvfhv,2025-11,fhvhv_tripdata_2025-11.parquet,484.0,20818240,20,25,ZSTD,b47916b42d,2025-11-01 00:00:00,2025-11-30 23:59:59,parquet-cpp-arrow version 16.1.0
hvfhv,2025-12,fhvhv_tripdata_2025-12.parquet,510.9,22108438,22,25,ZSTD,b47916b42d,2025-12-01 00:00:00,2025-12-31 23:59:59,parquet-cpp-arrow version 16.1.0
yellow,2024-01,yellow_tripdata_2024-01.parquet,47.6,2964624,3,19,ZSTD,6a4b8a3f68,2002-12-31 22:59:39,2024-02-01 00:01:15,parquet-cpp-arrow version 14.0.2
yellow,2024-02,yellow_tripdata_2024-02.parquet,48.0,3007526,3,19,ZSTD,6a4b8a3f68,2008-12-31 22:52:49,2024-03-01 00:01:37,parquet-cpp-arrow version 14.0.2
yellow,2024-03,yellow_tripdata_2024-03.parquet,57.3,3582628,4,19,ZSTD,6a4b8a3f68,2002-12-31 22:17:10,2024-04-01 00:34:55,parquet-cpp-arrow version 14.0.2
yellow,2024-04,yellow_tripdata_2024-04.parquet,56.4,3514289,4,19,ZSTD,6a4b8a3f68,2002-12-31 22:10:04,2024-05-01 00:02:36,parquet-cpp-arrow version 14.0.2
yellow,2024-05,yellow_tripdata_2024-05.parquet,59.7,3723833,4,19,ZSTD,6a4b8a3f68,2002-12-31 16:46:07,2024-06-01 23:54:14,parquet-cpp-arrow version 14.0.2
yellow,2024-06,yellow_tripdata_2024-06.parquet,57.1,3539193,4,19,ZSTD,6a4b8a3f68,2008-12-31 00:00:00,2026-06-26 23:53:12,parquet-cpp-arrow version 14.0.2
yellow,2024-07,yellow_tripdata_2024-07.parquet,49.9,3076903,3,19,ZSTD,6a4b8a3f68,2009-01-01 00:02:24,2024-08-01 23:51:57,parquet-cpp-arrow version 14.0.2
yellow,2024-08,yellow_tripdata_2024-08.parquet,48.7,2979183,3,19,ZSTD,6a4b8a3f68,2009-01-01 00:02:52,2024-09-10 12:27:29,parquet-cpp-arrow version 16.1.0
yellow,2024-09,yellow_tripdata_2024-09.parquet,58.3,3633030,4,19,ZSTD,6a4b8a3f68,2008-12-31 23:03:46,2024-10-01 21:24:53,parquet-cpp-arrow version 16.1.0
yellow,2024-10,yellow_tripdata_2024-10.parquet,61.4,3833771,4,19,ZSTD,6a4b8a3f68,2009-01-01 00:35:59,2024-11-14 18:30:00,parquet-cpp-arrow version 16.1.0
yellow,2024-11,yellow_tripdata_2024-11.parquet,57.8,3646369,4,19,ZSTD,6a4b8a3f68,2002-12-31 22:17:43,2024-12-01 22:04:33,parquet-cpp-arrow version 14.0.2
yellow,2024-12,yellow_tripdata_2024-12.parquet,58.7,3668371,4,19,ZSTD,6a4b8a3f68,2008-12-31 23:03:59,2025-03-23 20:42:06,parquet-cpp-arrow version 14.0.2
yellow,2025-01,yellow_tripdata_2025-01.parquet,56.4,3475226,4,20,ZSTD,9ffcb98921,2024-12-31 20:47:55,2025-02-01 00:00:44,parquet-cpp-arrow version 16.1.0
yellow,2025-02,yellow_tripdata_2025-02.parquet,57.5,3577543,4,20,ZSTD,9ffcb98921,2025-01-31 22:22:53,2025-03-01 00:06:32,parquet-cpp-arrow version 16.1.0
yellow,2025-03,yellow_tripdata_2025-03.parquet,66.7,4145257,4,20,ZSTD,9ffcb98921,2007-12-05 18:45:00,2025-04-01 00:00:17,parquet-cpp-arrow version 16.1.0
yellow,2025-04,yellow_tripdata_2025-04.parquet,64.2,3970553,4,20,ZSTD,9ffcb98921,2025-03-31 23:45:01,2025-05-01 00:48:13,parquet-cpp-arrow version 16.1.0
yellow,2025-05,yellow_tripdata_2025-05.parquet,74.2,4591845,5,20,ZSTD,9ffcb98921,2009-01-01 00:20:39,2025-06-01 00:04:31,parquet-cpp-arrow version 16.1.0
yellow,2025-06,yellow_tripdata_2025-06.parquet,70.1,4322960,5,20,ZSTD,9ffcb98921,2025-05-31 22:34:26,2025-06-30 23:59:59,parquet-cpp-arrow version 16.1.0
yellow,2025-07,yellow_tripdata_2025-07.parquet,63.8,3898963,4,20,ZSTD,9ffcb98921,2009-01-01 08:52:26,2025-07-31 23:59:59,parquet-cpp-arrow version 16.1.0
yellow,2025-08,yellow_tripdata_2025-08.parquet,59.4,3574091,4,20,ZSTD,9ffcb98921,2009-01-01 12:52:15,2025-09-01 00:00:29,parquet-cpp-arrow version 16.1.0
yellow,2025-09,yellow_tripdata_2025-09.parquet,69.1,4251015,5,20,ZSTD,9ffcb98921,2025-08-31 23:45:38,2025-10-01 00:00:11,parquet-cpp-arrow version 16.1.0
yellow,2025-10,yellow_tripdata_2025-10.parquet,71.8,4428699,5,20,ZSTD,9ffcb98921,2025-09-30 22:54:51,2025-11-01 00:32:12,parquet-cpp-arrow version 16.1.0
yellow,2025-11,yellow_tripdata_2025-11.parquet,67.8,4181444,4,20,ZSTD,9ffcb98921,2008-12-31 23:04:21,2025-11-30 23:59:59,parquet-cpp-arrow version 16.1.0
yellow,2025-12,yellow_tripdata_2025-12.parquet,70.3,4305006,5,20,ZSTD,9ffcb98921,2025-11-30 20:48:56,2025-12-31 23:59:59,parquet-cpp-arrow version 16.1.0
