service,month,added,removed,type_changed
hvfhv,2023-02,,,DOLocationID;PULocationID;access_a_ride_flag;dispatching_base_num;hvfhs_license_num;originating_base_num;shared_match_flag;shared_request_flag;wav_match_flag;wav_request_flag
hvfhv,2023-03,,,DOLocationID;PULocationID;access_a_ride_flag;dispatching_base_num;hvfhs_license_num;originating_base_num;shared_match_flag;shared_request_flag;wav_match_flag;wav_request_flag
hvfhv,2023-04,,,DOLocationID;PULocationID;access_a_ride_flag;dispatching_base_num;hvfhs_license_num;originating_base_num;shared_match_flag;shared_request_flag;wav_match_flag;wav_request_flag
hvfhv,2023-05,,,DOLocationID;PULocationID;access_a_ride_flag;dispatching_base_num;hvfhs_license_num;originating_base_num;shared_match_flag;shared_request_flag;wav_match_flag;wav_request_flag
hvfhv,2023-06,,,DOLocationID;PULocationID;access_a_ride_flag;dispatching_base_num;hvfhs_license_num;originating_base_num;shared_match_flag;shared_request_flag;wav_match_flag;wav_request_flag
hvfhv,2023-07,,,DOLocationID;PULocationID;access_a_ride_flag;dispatching_base_num;hvfhs_license_num;originating_base_num;shared_match_flag;shared_request_flag;wav_match_flag;wav_request_flag
hvfhv,2023-08,,,DOLocationID;PULocationID;access_a_ride_flag;dispatching_base_num;hvfhs_license_num;originating_base_num;shared_match_flag;shared_request_flag;wav_match_flag;wav_request_flag
hvfhv,2023-09,,,DOLocationID;PULocationID;access_a_ride_flag;dispatching_base_num;hvfhs_license_num;originating_base_num;shared_match_flag;shared_request_flag;wav_match_flag;wav_request_flag
hvfhv,2023-10,,,DOLocationID;PULocationID;access_a_ride_flag;dispatching_base_num;hvfhs_license_num;originating_base_num;shared_match_flag;shared_request_flag;wav_match_flag;wav_request_flag
hvfhv,2023-11,,,DOLocationID;PULocationID;access_a_ride_flag;dispatching_base_num;hvfhs_license_num;originating_base_num;shared_match_flag;shared_request_flag;wav_match_flag;wav_request_flag
hvfhv,2023-12,,,DOLocationID;PULocationID;access_a_ride_flag;dispatching_base_num;hvfhs_license_num;originating_base_num;shared_match_flag;shared_request_flag;wav_match_flag;wav_request_flag
yellow,2023-02,Airport_fee,airport_fee,DOLocationID;PULocationID;RatecodeID;VendorID;passenger_count;store_and_fwd_flag
yellow,2023-03,Airport_fee,airport_fee,DOLocationID;PULocationID;RatecodeID;VendorID;passenger_count;store_and_fwd_flag
yellow,2023-04,Airport_fee,airport_fee,DOLocationID;PULocationID;RatecodeID;VendorID;passenger_count;store_and_fwd_flag
yellow,2023-05,Airport_fee,airport_fee,DOLocationID;PULocationID;RatecodeID;VendorID;passenger_count;store_and_fwd_flag
yellow,2023-06,Airport_fee,airport_fee,DOLocationID;PULocationID;RatecodeID;VendorID;passenger_count;store_and_fwd_flag
yellow,2023-07,Airport_fee,airport_fee,DOLocationID;PULocationID;RatecodeID;VendorID;passenger_count;store_and_fwd_flag
yellow,2023-08,Airport_fee,airport_fee,DOLocationID;PULocationID;RatecodeID;VendorID;passenger_count;store_and_fwd_flag
yellow,2023-09,Airport_fee,airport_fee,DOLocationID;PULocationID;RatecodeID;VendorID;passenger_count;store_and_fwd_flag
yellow,2023-10,Airport_fee,airport_fee,DOLocationID;PULocationID;RatecodeID;VendorID;passenger_count;store_and_fwd_flag
yellow,2023-11,Airport_fee,airport_fee,DOLocationID;PULocationID;RatecodeID;VendorID;passenger_count;store_and_fwd_flag
yellow,2023-12,Airport_fee,airport_fee,DOLocationID;PULocationID;RatecodeID;VendorID;passenger_count;store_and_fwd_flag
