service,month,n_raw,q_out_of_month,q_bad_zone,q_bad_miles,q_bad_time,q_bad_fare,q_bad_speed,q_bad_pay,n_rejected,n_silver,silver_mb,sec_quality,sec_silver,sec_gold,sec_total,chunks,reject_pct
hvfhv,2022-01,14751591,0,501064,4104,1434,25745,38,30,528586,14223005,427.9,27.299999999999997,260.1,32.6,320.1,4,3.5832473934506455
hvfhv,2022-02,16019283,0,583795,4253,1554,26702,42,47,612639,15406644,467.5,22.3,263.6,35.5,321.6,4,3.824384649425321
hvfhv,2022-03,18453548,0,713290,4994,1933,21013,31,37,737193,17716355,540.0,22.3,276.2,34.5,332.9,4,3.9948577910329224
hvfhv,2022-04,17752561,0,713932,5175,1981,20732,39,2,737674,17014887,520.7,20.4,212.7,33.2,266.4,4,4.1553103239583296
hvfhv,2022-05,18157335,0,753465,7484,2379,26182,48,29,784340,17372995,535.0,22.8,228.4,32.0,283.1,4,4.319686782228779
hvfhv,2022-06,17780075,0,768711,6687,2773,26648,40,102,799239,16980836,522.0,30.2,289.79999999999995,42.8,362.7,4,4.495138518819521
hvfhv,2022-07,17464619,0,742634,6106,2794,20402,27,351,766614,16698005,509.0,47.8,456.8,55.7,560.2,4,4.389526046918058
hvfhv,2022-08,17185687,0,740963,6039,2442,25541,24,463,769658,16416029,241.89999999999998,48.4,270.9,44.9,364.3,6,4.478482588447003
hvfhv,2022-09,17793551,0,766804,5347,2236,23212,32,324,793384,17000167,0.0,40.2,94.2,25.1,159.70000000000002,6,4.4588289318978545
hvfhv,2022-10,19306090,0,804903,6286,2726,27084,46,417,836349,18469741,0.0,44.0,104.7,29.299999999999997,178.2,6,4.33204755597845
hvfhv,2022-11,18085896,0,758083,5646,2656,18297,56,429,780529,17305367,0.0,48.7,99.5,27.299999999999997,175.6,6,4.315677807723764
hvfhv,2022-12,19665847,0,818624,5785,2501,17290,52,447,840473,18825374,0.0,46.9,109.4,26.0,182.5,6,4.273769647450222
hvfhv,2023-01,18479031,0,724239,5440,2472,13543,47,315,742411,17736620,0.0,46.1,103.0,24.9,174.0,6,4.017586203519005
hvfhv,2023-02,17960971,0,683292,4227,1841,13627,58,501,700496,17260475,0.0,41.099999999999994,95.6,27.3,164.0,6,3.9001009466581733
hvfhv,2023-03,20413539,0,801193,5231,2372,16883,56,304,822337,19591202,0.0,41.6,99.1,29.3,170.0,6,4.028390177714898
hvfhv,2023-04,19144903,0,780320,5013,2157,11962,61,154,796330,18348573,0.0,34.8,79.5,26.6,141.0,6,4.159488298269257
hvfhv,2023-05,19847676,0,841896,5204,2163,6455,63,105,852476,18995200,0.0,34.4,86.1,25.8,146.2,6,4.295092281836927
hvfhv,2023-06,19366619,0,817125,5652,2280,6180,48,140,827290,18539329,0.0,20.8,51.9,17.7,90.4,6,4.271731684296572
hvfhv,2023-07,19132131,0,794867,5984,2301,503,106,122,800333,18331798,0.0,17.2,38.199999999999996,13.0,68.2,6,4.1831879574732165
hvfhv,2023-08,18322150,0,770958,5498,2065,4021,49,94,779465,17542685,0.0,5.4,12.7,11.7,29.8,6,4.2542223483597725
hvfhv,2023-09,19851123,0,804752,6363,3608,1570,48,322,813316,19037807,0.0,5.7,14.8,12.5,32.9,6,4.097078034325817
hvfhv,2023-10,20186330,0,841516,5043,2278,324,28,698,847316,19339014,0.0,5.2,15.0,12.3,32.5,6,4.197474231323871
hvfhv,2023-11,19269250,0,818354,4942,1787,275,21,77,823179,18446071,0.0,9.4,16.1,12.4,37.7,6,4.271982562891654
hvfhv,2023-12,20516297,0,881574,5202,1982,1676,31,104,888317,19627980,0.0,5.7,14.6,12.4,32.7,6,4.3298115639484065
yellow,2022-01,2463931,52,43779,29508,32752,13893,3348,0,90554,2373377,0.0,0.7,2.0,1.8,4.5,1,3.6751840859179903
yellow,2022-02,2979431,64,50161,32611,37113,16705,3516,0,103235,2876196,0.0,0.9,2.4,1.8,5.1,1,3.464923336032954
yellow,2022-03,3627882,89,65685,41485,48291,21319,4471,0,133258,3494624,0.0,1.2,3.9,2.2,7.3,1,3.6731624677980155
yellow,2022-04,3599920,158,65189,40938,50962,20507,4878,0,133409,3466511,0.0,1.1,3.2,2.2,6.5,1,3.7058879086201917
yellow,2022-05,3588295,143,65029,46593,53877,22006,4942,0,139325,3448970,0.0,1.0,3.1,2.1,6.2,1,3.88276326221785
yellow,2022-06,3558124,512,62415,52613,60288,24237,7482,0,145974,3412150,0.0,1.0,3.0,2.2,6.2,1,4.102555166711447
yellow,2022-07,3174394,82,64056,45784,49723,22806,4097,0,135582,3038812,0.0,0.9,2.5,2.0,5.4,1,4.271114423729379
yellow,2022-08,3152677,53,66268,49029,48759,23961,3521,0,142263,3010414,0.0,1.0,2.6,1.9,5.4,1,4.512450847327525
yellow,2022-09,3183767,77,64436,52183,48537,22850,2631,0,142244,3041523,0.0,0.9,2.7,2.1,5.8,1,4.467789257191246
yellow,2022-10,3675411,91,76011,62330,59036,27716,4172,0,168723,3506688,0.0,1.1,4.5,2.3,7.9,1,4.590588644372017
yellow,2022-11,3252717,97,70605,59752,51608,25698,3335,0,160358,3092359,0.0,0.9,2.7,2.0,5.6,1,4.929970852059985
yellow,2022-12,3399549,46,74011,62762,51067,28555,2857,0,169039,3230510,0.0,1.0,3.0,2.0,6.0,1,4.972394867672153
yellow,2023-01,3066766,48,58248,45950,36274,26160,1617,0,132386,2934380,0.0,3.0,8.4,2.1,13.5,1,4.316794955989469
yellow,2023-02,2913955,55,53430,41190,34597,25813,1649,0,122365,2791590,0.0,0.7,2.3,1.7,4.7,1,4.199275555044604
yellow,2023-03,3403766,189,53424,48645,41793,30903,2232,0,136004,3267762,0.0,0.8,3.7,2.4,6.9,1,3.9956918307545233
yellow,2023-04,3288250,95,54728,40334,39862,31106,1812,0,128956,3159294,0.0,0.8,2.7,2.2,5.7,1,3.9217212803162775
yellow,2023-05,3513649,50,58601,47030,42820,33310,1777,0,140995,3372654,0.0,0.8,3.2,2.0,6.1,1,4.012779876419073
yellow,2023-06,3307234,41,57124,47617,40559,32503,1787,0,138647,3168587,0.0,0.9,2.3,1.9,5.2,1,4.192234356565033
yellow,2023-07,2907108,59,52624,49929,37951,32142,1514,0,135573,2771535,0.0,0.7,1.9,1.9,4.6,1,4.663500633619391
yellow,2023-08,2824209,34,49995,57552,36363,32244,1352,0,139262,2684947,0.0,0.7,1.4,1.7,3.8,1,4.93100900110438
yellow,2023-09,2846722,32,49697,98674,35673,30510,1286,0,178131,2668591,0.0,0.6,1.4,1.8,3.8,1,6.257407642895934
yellow,2023-10,3522285,53,56526,121779,43452,38189,1432,0,215986,3306299,0.0,0.7,3.5,2.0,6.2,1,6.131985344740701
yellow,2023-11,3339715,31,50213,102663,41711,37969,1343,0,192177,3147538,0.0,0.6,1.8,2.0,4.4,1,5.7542934052756
yellow,2023-12,3376567,43,38981,73398,43244,43683,1450,0,159550,3217017,0.0,0.7,2.2,2.0,4.9,1,4.725213508276306
