service,month,chunk,n_raw,q_out_of_month,q_bad_zone,q_bad_miles,q_bad_time,q_bad_fare,q_bad_speed,q_bad_pay,n_rejected,n_silver,sec_quality,sec_silver,sec_gold,sec_total,silver_mb
hvfhv,2024-01,0,4615667,0,174643,1271,422,73,8,35,175823,4439844,7.4,57.8,8.1,73.2,135.8
hvfhv,2024-01,1,5095800,0,187587,1298,480,7153,5,24,195670,4900130,3.7,61.5,8.4,73.6,148.8
hvfhv,2024-01,2,5386070,0,199898,1348,523,70,6,31,201299,5184771,2.0,55.5,9.3,66.8,156.7
hvfhv,2024-01,3,4566393,0,179552,1029,518,59,8,47,180789,4385604,4.8,53.7,8.5,67.0,132.8
hvfhv,2024-02,0,5227320,0,207029,1203,520,77,9,25,208314,5019006,1.8,56.5,10.2,68.5,152.4
hvfhv,2024-02,1,5510903,0,202301,1279,536,5864,11,30,209416,5301487,5.1,65.6,9.3,80.0,160.3
hvfhv,2024-02,2,5368065,0,209530,1126,443,2019,7,28,212638,5155427,2.2,53.5,10.1,65.7,155.8
hvfhv,2024-02,3,3252860,0,135156,758,310,635,2,23,136546,3116314,4.5,33.5,5.4,43.4,94.7
hvfhv,2024-03,0,5663015,0,213733,1138,397,62,4,26,214921,5448094,2.1,43.1,8.2,53.5,165.2
hvfhv,2024-03,1,5544000,0,216215,1125,425,433,5,26,217749,5326251,7.4,54.3,9.0,70.7,162.3
hvfhv,2024-03,2,5432646,0,213145,1117,415,419,6,20,214642,5218004,2.4,54.9,10.2,67.5,158.6
hvfhv,2024-03,3,4641127,0,190400,978,376,276,7,16,191650,4449477,4.3,47.2,6.8,58.3,135.5
hvfhv,2024-04,0,5408865,0,211086,1113,441,263,9,18,212429,5196436,1.7,50.8,9.5,61.9,158.5
hvfhv,2024-04,1,5264279,0,217448,1018,387,221,6,19,218630,5045649,4.1,56.4,8.2,68.7,154.6
hvfhv,2024-04,2,5186410,0,215295,1016,390,190,7,14,216401,4970009,1.9,47.2,7.2,56.4,152.4
hvfhv,2024-04,3,3873484,0,162207,803,411,107,4,9,163183,3710301,4.1,40.4,7.2,51.7,113.9
hvfhv,2024-05,0,5360450,0,225502,951,405,135,1,15,226530,5133920,1.7,51.3,7.9,60.9,157.1
hvfhv,2024-05,1,5549454,0,233866,1061,410,107,10,28,234974,5314480,4.6,56.9,8.8,70.3,162.5
hvfhv,2024-05,2,5413183,0,232685,1321,503,103,4,15,233837,5179346,2.2,52.2,8.1,62.6,158.6
hvfhv,2024-05,3,4381451,0,181218,908,344,69,6,17,182083,4199368,4.1,47.3,7.4,58.9,128.9
hvfhv,2024-06,0,5494511,0,237847,1189,444,128,3,6,238977,5255534,1.7,53.7,7.8,63.2,160.7
hvfhv,2024-06,1,5316892,0,229064,1202,397,108,5,12,230182,5086710,4.5,64.2,8.3,77.0,155.6
hvfhv,2024-06,2,5271558,0,220772,1321,388,100,3,10,221841,5049717,1.7,46.9,7.8,56.4,154.3
hvfhv,2024-06,3,4040265,0,177189,1118,369,44,5,5,178048,3862217,3.9,28.2,5.5,37.6,118.5
hvfhv,2024-07,0,4565136,0,184574,1262,389,60,7,9,185515,4379621,1.0,30.5,6.0,37.5,134.8
hvfhv,2024-07,1,5162540,0,217863,1171,408,69,1,11,218857,4943683,1.1,34.9,6.4,42.4,151.2
hvfhv,2024-07,2,5072290,0,221954,1435,445,109,4,13,223048,4849242,3.6,39.1,7.0,49.8,148.7
hvfhv,2024-07,3,4382968,0,183979,1059,416,413,8,4,185281,4197687,1.5,36.8,5.9,44.2,129.0
hvfhv,2024-08,0,5220531,0,213883,1596,505,135,7,7,215136,5005395,3.3,39.2,7.1,49.5,153.2
hvfhv,2024-08,1,4852391,0,204338,1277,389,91,10,8,205348,4647043,1.2,34.7,6.3,42.3,143.2
hvfhv,2024-08,2,4842228,0,211812,1339,368,115,9,6,212806,4629422,2.8,37.3,6.7,46.9,142.6
hvfhv,2024-08,3,4213242,0,180623,1088,303,104,9,6,181545,4031697,1.3,27.8,5.4,34.5,124.2
hvfhv,2024-09,0,5055750,0,214011,1143,361,203,9,8,215213,4840537,1.0,32.0,7.1,40.1,148.7
hvfhv,2024-09,1,5039504,0,224301,1185,386,505,6,15,225862,4813642,3.4,35.8,6.6,45.8,148.5
hvfhv,2024-09,2,5068103,0,232042,1124,381,523,4,10,233588,4834515,1.1,32.9,6.5,40.5,148.9
hvfhv,2024-09,3,4046431,0,177673,1071,327,447,4,36,179111,3867320,1.0,24.0,5.1,30.2,118.5
hvfhv,2024-10,0,4922546,0,217221,1072,299,15863,6,51,233466,4689080,2.5,32.3,6.4,41.2,144.1
hvfhv,2024-10,1,5145138,0,234781,1195,357,700,0,55,236473,4908665,1.2,29.3,5.9,36.5,151.0
hvfhv,2024-10,2,5166962,0,234925,1206,345,404,2,30,236356,4930606,1.0,30.1,6.1,37.2,151.7
hvfhv,2024-10,3,4793636,0,210506,1053,426,269,1,6,211834,4581802,2.7,30.8,6.1,39.6,139.8
hvfhv,2024-11,0,5253623,0,221536,1083,371,313,1,6,222881,5030742,1.1,32.0,5.7,38.8,153.8
hvfhv,2024-11,1,5451168,0,236258,1141,366,1473,1,15,238734,5212434,1.0,36.7,6.3,44.0,159.5
hvfhv,2024-11,2,5551624,0,235867,1197,417,479,0,48,237474,5314150,2.9,37.6,6.6,47.1,162.3
hvfhv,2024-11,3,3731118,0,156674,934,274,109,0,30,157596,3573522,1.1,22.7,5.1,28.8,109.8
hvfhv,2024-12,0,5660458,0,251430,1213,431,781,3,70,253339,5407119,0.9,34.7,7.0,42.7,165.2
hvfhv,2024-12,1,5897180,0,264321,1334,515,15501,2,71,280514,5616666,3.5,43.1,7.6,54.2,172.2
hvfhv,2024-12,2,5565429,0,245949,1530,538,529,2,515,248009,5317420,1.3,33.1,7.0,41.3,163.0
hvfhv,2024-12,3,3945784,0,167474,809,272,17097,1,339,184647,3761137,2.8,31.9,5.6,40.3,116.4
hvfhv,2025-01,0,4876224,0,191413,1007,355,733,0,137,193130,4683094,1.0,34.8,6.3,42.1,143.5
hvfhv,2025-01,1,5322361,0,211358,1036,348,856,3,63,213155,5109206,0.9,29.8,7.1,37.8,156.1
hvfhv,2025-01,2,5514949,0,218769,1147,427,15100,2,81,234029,5280920,3.5,32.9,6.9,43.3,161.1
hvfhv,2025-01,3,4692132,0,194243,896,384,525,0,32,195710,4496422,1.4,26.4,6.0,33.8,137.1
hvfhv,2025-02,0,5586430,0,224370,1046,395,673,3,73,226104,5360326,1.1,32.2,7.5,40.8,163.4
hvfhv,2025-02,1,5657470,0,228811,1160,449,601,3,77,230560,5426910,3.1,43.0,7.9,54.0,165.4
hvfhv,2025-02,2,5404391,0,229223,1067,369,312,1,54,230514,5173877,1.4,38.8,7.1,47.2,158.1
hvfhv,2025-02,3,2691170,0,122512,475,218,134,0,34,123139,2568031,2.8,20.3,4.0,27.1,78.5
hvfhv,2025-03,0,5579356,0,239187,1018,477,604,3,16,240793,5338563,1.1,36.7,7.4,45.2,163.2
hvfhv,2025-03,1,5285801,0,238976,950,396,12469,3,10,251833,5033968,1.2,29.9,5.8,36.9,155.0
hvfhv,2025-03,2,5240483,0,232346,992,451,35032,4,12,266533,4973950,3.6,39.1,6.7,49.3,152.9
hvfhv,2025-03,3,4431239,0,197707,756,349,16121,6,9,213488,4217751,1.2,27.1,5.6,33.8,130.6
hvfhv,2025-04,0,5322374,0,229773,1072,443,124,2,6,230900,5091474,1.1,49.1,9.1,59.3,156.3
hvfhv,2025-04,1,5304383,0,229558,974,439,204,3,17,230633,5073750,2.9,41.9,7.3,52.1,155.9
hvfhv,2025-04,2,5112906,0,236566,948,436,13563,1,8,249692,4863214,1.2,32.4,6.3,39.8,150.2
hvfhv,2025-04,3,4014320,0,180823,770,399,350,3,10,181941,3832379,3.0,29.8,4.9,37.6,118.0
hvfhv,2025-05,0,5499054,0,253623,1236,663,101,6,11,255008,5244046,1.3,33.8,7.0,42.2,161.5
hvfhv,2025-05,1,5604531,0,259137,1228,683,95,1,15,260459,5344072,1.1,34.1,6.8,41.9,164.7
hvfhv,2025-05,2,5466539,0,257859,1281,697,163,3,10,259221,5207318,3.8,39.2,7.2,50.2,161.3
hvfhv,2025-05,3,4521069,0,203548,840,457,127,2,14,204515,4316554,1.5,26.9,5.4,33.9,133.1
hvfhv,2025-06,0,5226964,0,254781,1289,643,12091,6,16,267279,4959685,0.8,29.4,5.9,36.1,153.5
hvfhv,2025-06,1,5235782,0,242809,1128,564,200,3,4,244062,4991720,3.0,34.8,6.8,44.6,154.3
hvfhv,2025-06,2,5374863,0,247011,1221,563,345,1,6,248371,5126492,1.2,34.8,7.1,43.1,157.9
hvfhv,2025-06,3,4030400,0,186344,1078,427,282,0,7,187454,3842946,1.1,27.5,4.9,33.5,118.8
hvfhv,2025-07,0,4690868,0,214000,1126,458,280,5,9,215135,4475733,2.8,31.8,5.6,40.2,137.6
hvfhv,2025-07,1,5163317,0,247716,1257,499,11763,4,11,259747,4903570,0.8,36.9,6.5,44.2,151.0
hvfhv,2025-07,2,5138876,0,249620,1181,431,320,2,5,250793,4888083,1.2,31.4,6.9,39.5,150.5
hvfhv,2025-07,3,4659951,0,217191,1198,549,264,2,3,218367,4441584,3.3,34.1,6.5,43.9,136.0
hvfhv,2025-08,0,5001065,0,236130,1234,414,158,3,6,237136,4763929,0.9,31.9,6.6,39.3,146.5
hvfhv,2025-08,1,5085047,0,241843,1276,451,20648,2,8,262130,4822917,1.3,31.1,6.4,38.8,148.7
hvfhv,2025-08,2,4939046,0,235405,1258,445,164118,6,7,392967,4546079,3.4,34.2,6.0,43.6,140.6
hvfhv,2025-08,3,4246303,0,208482,1042,397,1312,2,4,210418,4035885,1.3,28.3,5.5,35.1,124.8
hvfhv,2025-09,0,5012630,0,232634,1043,438,1679,6,4,235011,4777619,1.0,33.4,6.3,40.6,147.9
hvfhv,2025-09,1,5294492,0,257840,1094,500,507,2,10,259325,5035167,3.5,38.0,7.1,48.5,156.1
hvfhv,2025-09,2,5127705,0,257683,1062,469,513,2,8,259097,4868608,1.3,30.3,6.9,38.4,151.1
hvfhv,2025-09,3,3999814,0,202063,871,409,314,0,4,203137,3796677,1.2,21.8,5.1,28.0,117.1
hvfhv,2025-10,0,5186218,0,248059,1048,423,761,3,54,249627,4936591,2.6,32.5,6.8,41.9,152.1
hvfhv,2025-10,1,5514284,0,255896,1198,475,749,5,3,257426,5256858,1.2,29.0,6.5,36.7,161.4
hvfhv,2025-10,2,5559556,0,262436,1050,462,30971,0,1,292045,5267511,1.2,30.7,6.6,38.5,161.6
hvfhv,2025-10,3,5048643,0,224296,926,505,493,3,5,225559,4823084,2.8,36.3,6.4,45.6,147.6
hvfhv,2025-11,0,5722455,0,272471,1097,488,584,8,1,273962,5448493,1.2,33.5,9.0,43.7,166.4
hvfhv,2025-11,1,5652054,0,262533,1064,458,2572,2,0,265925,5386129,0.9,32.5,6.1,39.5,164.4
hvfhv,2025-11,2,5580291,0,255928,947,422,937,3,0,257656,5322635,3.3,38.7,7.3,49.3,162.9
hvfhv,2025-11,3,3863440,0,175919,817,327,403,6,0,176914,3686526,1.2,22.6,4.5,28.3,113.0
hvfhv,2025-12,0,5957820,0,272451,1054,520,15997,2,5,288177,5669643,1.1,33.5,7.0,41.6,172.9
hvfhv,2025-12,1,6279707,0,297509,1179,641,17558,3,2,314679,5965028,3.5,41.9,7.8,53.2,181.5
hvfhv,2025-12,2,5746309,0,265551,1173,456,1085,3,2,267606,5478703,1.2,34.9,6.6,42.6,168.0
hvfhv,2025-12,3,4124602,0,170288,715,314,620,3,1,171507,3953095,2.9,27.4,5.6,36.0,121.1
yellow,2024-01,0,2964624,18,31527,60430,36999,38348,1107,0,133232,2831392,0.6,13.9,2.9,17.4,62.3
yellow,2024-02,0,3007526,15,28974,68296,35546,41500,953,0,141665,2865861,0.6,13.6,2.9,17.1,63.1
yellow,2024-03,0,3582628,23,35374,87290,42690,59756,1241,0,185765,3396863,0.8,14.0,3.7,18.4,75.1
yellow,2024-04,0,3514289,9,35759,45963,42330,58877,1141,0,143527,3370762,0.7,15.2,3.4,19.4,74.9
yellow,2024-05,0,3723833,33,38725,49945,45583,62568,1158,0,154378,3569455,0.7,14.8,3.7,19.1,79.7
yellow,2024-06,0,3539193,51,38513,53123,44400,63046,1115,0,157328,3381865,0.7,13.6,3.4,17.7,75.6
yellow,2024-07,0,3076903,47,36087,48204,43265,59737,1091,0,146426,2930477,4.3,20.7,3.2,28.2,66.0
yellow,2024-08,0,2979183,51,34435,57569,43938,59390,1047,0,153661,2825522,0.6,14.0,3.0,17.6,63.9
yellow,2024-09,0,3633030,49,35378,81288,47019,74778,1199,0,193257,3439773,0.7,18.7,3.7,23.1,77.4
yellow,2024-10,0,3833771,40,42609,81768,47668,76878,1107,0,203444,3630327,0.7,15.0,3.4,19.1,81.2
yellow,2024-11,0,3646369,50,32984,68463,45998,72939,1023,0,178942,3467427,0.8,18.1,3.7,22.6,76.9
yellow,2024-12,0,3668371,34,35295,75579,49508,80503,1063,0,194567,3473804,0.8,17.5,4.1,22.4,77.8
yellow,2025-01,0,3475226,22,28357,91055,41389,145519,982,0,258850,3216376,0.7,12.6,3.5,16.7,72.0
yellow,2025-02,0,3577543,31,25008,99943,41452,184102,841,0,303748,3273795,3.7,19.0,3.8,26.5,73.3
yellow,2025-03,0,4145257,33,28415,103936,66969,210383,1050,0,355884,3789373,0.7,17.7,3.8,22.2,85.4
yellow,2025-04,0,3970553,7,29100,91745,80342,188174,1095,0,336621,3633932,0.7,17.6,3.7,22.0,82.5
yellow,2025-05,0,4591845,24,34771,141491,115402,327378,1268,0,543777,4048068,0.8,21.2,4.7,26.7,92.7
yellow,2025-06,0,4322960,20,33016,135160,117933,277533,1522,0,495800,3827160,0.9,18.5,3.8,23.2,87.8
yellow,2025-07,0,3898963,7,31914,124048,103343,248464,1043,0,443803,3455160,0.7,16.3,4.0,20.9,79.7
yellow,2025-08,0,3574091,17,32089,105429,96125,262641,1070,0,433097,3140994,3.5,18.1,4.0,25.7,72.6
yellow,2025-09,0,4251015,7,32074,124697,109349,254427,1216,0,454770,3796245,0.7,20.0,3.9,24.6,87.4
yellow,2025-10,0,4428699,13,33545,125828,120072,323385,1292,0,528595,3900104,0.8,20.8,4.3,25.9,89.6
yellow,2025-11,0,4181444,24,31090,109643,108529,397563,1171,0,578276,3603168,0.8,18.6,4.3,23.7,82.7
yellow,2025-12,0,4305006,9,32278,152853,107109,50720,1150,0,299182,4005824,0.8,23.4,4.5,28.8,93.0
