service,month,chunk,n_raw,q_out_of_month,q_bad_zone,q_bad_miles,q_bad_time,q_bad_fare,q_bad_speed,q_bad_pay,n_rejected,n_silver,sec_quality,sec_silver,sec_gold,sec_total,silver_mb,silver_persisted
hvfhv,2022-01,0,3498667,0,122604,1151,344,5047,13,1,128176,3370491,10.2,64.5,9.1,83.8,100.7,
hvfhv,2022-01,1,3872524,0,129149,1002,362,5205,8,22,134875,3737649,7.6,69.4,8.0,85.0,112.6,
hvfhv,2022-01,2,3997215,0,135718,1011,394,5954,5,3,142069,3855146,3.8,68.8,8.0,80.6,116.1,
hvfhv,2022-01,3,3383185,0,113593,940,334,9539,12,4,123466,3259719,5.7,57.4,7.5,70.7,98.5,
hvfhv,2022-02,0,4403735,0,151424,1091,430,6450,14,37,158375,4245360,2.5,68.8,10.4,81.8,128.8,
hvfhv,2022-02,1,4613560,0,167294,1127,435,5580,13,2,173547,4440013,10.6,75.9,9.9,96.4,134.8,
hvfhv,2022-02,2,4500078,0,169497,1308,427,5251,11,4,175519,4324559,4.7,75.8,9.3,89.9,131.4,
hvfhv,2022-02,3,2501910,0,95580,727,262,9421,4,4,105198,2396712,4.5,43.1,5.9,53.5,72.5,
hvfhv,2022-03,0,4637101,0,178317,1184,438,5414,3,27,184400,4452701,5.1,76.9,9.7,91.7,135.5,
hvfhv,2022-03,1,4809785,0,182156,1292,559,5472,14,6,188454,4621331,5.0,59.6,9.2,73.8,140.7,
hvfhv,2022-03,2,4739432,0,187780,1379,514,5739,10,0,194168,4545264,4.2,57.4,10.0,71.5,139.0,
hvfhv,2022-03,3,4267230,0,165037,1139,422,4388,4,4,170171,4097059,8.0,82.3,5.6,95.9,124.8,
hvfhv,2022-04,0,4877984,0,186204,1442,614,5604,16,1,192688,4685296,6.5,35.7,8.0,50.3,143.1,
hvfhv,2022-04,1,4786435,0,192892,1370,525,5449,11,1,199107,4587328,4.1,82.5,8.4,95.0,140.8,
hvfhv,2022-04,2,4544081,0,187154,1296,471,5136,4,0,193041,4351040,4.8,65.1,8.6,78.5,133.2,
hvfhv,2022-04,3,3544061,0,147682,1067,371,4543,8,0,152838,3391223,5.0,29.4,8.2,42.6,103.6,
hvfhv,2022-05,0,4812020,0,192970,1508,540,10449,12,2,204045,4607975,4.9,87.7,8.9,101.4,141.3,
hvfhv,2022-05,1,4700143,0,192653,1434,595,5300,17,5,198840,4501303,5.3,46.6,6.4,58.3,138.4,
hvfhv,2022-05,2,4730549,0,205224,2367,674,5676,11,8,212555,4517994,3.5,57.8,10.1,71.4,139.7,
hvfhv,2022-05,3,3914623,0,162618,2175,570,4757,8,14,168900,3745723,9.1,36.3,6.6,52.0,115.6,
hvfhv,2022-06,0,4670172,0,196603,1935,689,5259,12,27,203326,4466846,2.6,56.4,9.7,68.7,137.0,
hvfhv,2022-06,1,4841781,0,213138,1630,770,5760,6,24,219858,4621923,8.0,51.2,8.1,67.2,142.1,
hvfhv,2022-06,2,4834707,0,206508,1731,718,11128,18,32,218351,4616356,3.6,86.6,10.3,100.5,141.9,
hvfhv,2022-06,3,3433415,0,152462,1391,596,4501,4,19,157704,3275711,16.0,95.6,14.7,126.3,101.0,
hvfhv,2022-07,0,4196747,0,171646,1539,623,4979,10,31,177374,4019373,13.0,102.4,12.6,127.9,123.9,
hvfhv,2022-07,1,4544477,0,199813,1530,682,5201,8,41,205877,4338600,6.7,117.9,14.0,138.6,133.0,
hvfhv,2022-07,2,4719385,0,198614,1604,821,5916,6,93,205541,4513844,11.1,122.4,15.7,149.2,136.9,
hvfhv,2022-07,3,4004010,0,172561,1433,668,4306,3,186,177822,3826188,17.0,114.1,13.4,144.5,115.2,
hvfhv,2022-08,0,2723472,0,113677,1097,524,4037,5,48,118283,2605189,10.0,68.1,8.5,86.7,78.3,
hvfhv,2022-08,1,2848539,0,119834,974,398,3495,5,96,123873,2724666,4.8,67.5,11.9,84.2,81.8,
hvfhv,2022-08,2,2833174,0,123461,973,393,5282,3,122,129352,2703822,7.2,74.0,9.7,90.9,81.8,
hvfhv,2022-08,3,2813290,0,122572,1043,388,4672,2,81,127689,2685601,11.9,22.1,5.3,39.3,0.0,False
hvfhv,2022-08,4,2595077,0,116710,871,281,3465,3,54,120600,2474477,6.7,17.0,4.1,27.8,0.0,False
hvfhv,2022-08,5,3372135,0,144709,1081,458,4590,6,62,149861,3222274,7.8,22.2,5.4,35.4,0.0,False
hvfhv,2022-09,0,2907107,0,120215,892,359,4385,4,53,125013,2782094,4.0,12.7,4.3,21.0,0.0,False
hvfhv,2022-09,1,3107297,0,124164,837,369,4055,2,56,128763,2978534,9.6,13.9,3.7,27.3,0.0,False
hvfhv,2022-09,2,2921853,0,128171,872,373,3825,3,50,132564,2789289,5.0,13.6,4.5,23.1,0.0,False
hvfhv,2022-09,3,3025530,0,132316,942,397,3865,4,61,136796,2888734,6.5,15.4,4.0,25.9,0.0,False
hvfhv,2022-09,4,3101385,0,140758,1021,440,3637,8,61,145143,2956242,8.0,19.9,4.1,32.1,0.0,False
hvfhv,2022-09,5,2730379,0,121180,783,298,3445,11,43,125105,2605274,7.1,18.7,4.5,30.3,0.0,False
hvfhv,2022-10,0,3027103,0,116779,909,396,3714,9,45,121184,2905919,7.9,12.0,4.0,23.9,0.0,False
hvfhv,2022-10,1,3071350,0,131578,1043,419,3642,9,66,135935,2935415,4.5,11.9,3.9,20.4,0.0,False
hvfhv,2022-10,2,3157260,0,133478,1045,473,3943,7,43,138101,3019159,5.4,14.9,3.9,24.3,0.0,False
hvfhv,2022-10,3,2939373,0,130638,948,380,3450,8,64,134682,2804691,7.2,16.2,3.9,27.2,0.0,False
hvfhv,2022-10,4,3093290,0,127421,1053,459,3826,5,78,131963,2961327,7.9,19.3,4.5,31.8,0.0,False
hvfhv,2022-10,5,4017714,0,165009,1288,599,8509,8,121,174484,3843230,11.1,30.4,9.1,50.6,0.0,False
hvfhv,2022-11,0,3092762,0,129526,925,496,3971,8,82,134184,2958578,5.1,14.7,4.8,24.6,0.0,False
hvfhv,2022-11,1,2830859,0,126444,874,389,2902,12,70,130012,2700847,4.4,9.4,3.9,17.7,0.0,False
hvfhv,2022-11,2,3231134,0,131914,1048,503,3247,15,68,135991,3095143,5.3,14.2,5.0,24.6,0.0,False
hvfhv,2022-11,3,3441752,0,141879,989,454,3034,7,124,145710,3296042,6.6,17.3,4.8,28.7,0.0,False
hvfhv,2022-11,4,2735141,0,114825,958,412,2681,7,42,118133,2617008,19.6,26.1,4.3,50.1,0.0,False
hvfhv,2022-11,5,2754248,0,113495,852,402,2462,7,43,116499,2637749,7.7,17.8,4.5,29.9,0.0,False
hvfhv,2022-12,0,3327555,0,135642,993,426,2598,5,132,139098,3188457,4.2,13.4,4.5,22.2,0.0,False
hvfhv,2022-12,1,3475897,0,158943,934,455,3672,10,77,163287,3312610,5.7,16.0,4.7,26.4,0.0,False
hvfhv,2022-12,2,3262676,0,147344,966,416,2802,14,58,150918,3111758,14.6,19.7,3.7,38.0,0.0,False
hvfhv,2022-12,3,3353606,0,132004,954,424,2790,11,90,135640,3217966,6.8,18.5,4.7,30.0,0.0,False
hvfhv,2022-12,4,3025325,0,119149,1039,402,2737,4,28,122594,2902731,7.0,19.2,4.2,30.4,0.0,False
hvfhv,2022-12,5,3220788,0,125542,899,378,2691,8,62,128936,3091852,8.6,22.6,4.2,35.5,0.0,False
hvfhv,2023-01,0,2526976,0,106895,1038,342,2213,11,56,109832,2417144,12.5,14.5,3.3,30.4,0.0,False
hvfhv,2023-01,1,2809661,0,108532,756,329,1965,6,42,111101,2698560,4.1,11.8,3.9,19.7,0.0,False
hvfhv,2023-01,2,3238666,0,124374,869,441,2152,6,36,127277,3111389,5.8,17.1,4.2,27.1,0.0,False
hvfhv,2023-01,3,2955516,0,116783,773,320,2162,9,54,119518,2835998,7.1,15.0,3.8,25.9,0.0,False
hvfhv,2023-01,4,3177144,0,119757,831,527,2324,6,53,122925,3054219,6.2,18.0,4.1,28.3,0.0,False
hvfhv,2023-01,5,3771068,0,147898,1173,513,2727,9,74,151758,3619310,10.4,26.6,5.6,42.6,0.0,False
hvfhv,2023-02,0,3422188,0,122584,810,346,2523,9,53,125829,3296359,2.8,11.0,4.7,18.5,0.0,False
hvfhv,2023-02,1,2995016,0,118634,679,265,2306,9,84,121499,2873517,3.8,10.1,4.2,18.1,0.0,False
hvfhv,2023-02,2,3204498,0,122440,763,389,2509,7,173,125643,3078855,3.9,12.8,4.2,21.0,0.0,False
hvfhv,2023-02,3,3216177,0,121460,804,299,2466,7,69,124539,3091638,4.8,14.3,4.8,23.8,0.0,False
hvfhv,2023-02,4,3301445,0,128757,728,350,2432,18,77,131828,3169617,16.9,28.4,6.5,51.8,0.0,False
hvfhv,2023-02,5,1821647,0,69417,443,192,1391,8,45,71158,1750489,8.9,19.0,2.9,30.8,0.0,False
hvfhv,2023-03,0,3494884,0,133601,890,400,2285,8,65,136704,3358180,4.0,9.9,4.9,18.7,0.0,False
hvfhv,2023-03,1,3223597,0,126584,752,341,2196,6,72,129472,3094125,4.7,11.7,4.1,20.5,0.0,False
hvfhv,2023-03,2,3326394,0,123946,815,351,2371,12,44,126934,3199460,4.9,13.4,6.3,24.6,0.0,False
hvfhv,2023-03,3,3414227,0,137392,861,398,2483,14,32,140577,3273650,16.1,26.0,4.3,46.4,0.0,False
hvfhv,2023-03,4,3258284,0,129528,886,351,2146,9,45,132338,3125946,4.9,16.7,4.9,26.5,0.0,False
hvfhv,2023-03,5,3696153,0,150142,1027,531,5402,7,46,156312,3539841,7.0,21.4,4.8,33.3,0.0,False
hvfhv,2023-04,0,3153747,0,124125,846,350,2160,15,40,126943,3026804,3.1,9.5,4.3,16.9,0.0,False
hvfhv,2023-04,1,3028531,0,122255,806,322,2021,6,31,124869,2903662,11.0,18.4,4.5,33.9,0.0,False
hvfhv,2023-04,2,3174192,0,132950,756,307,2132,11,27,135658,3038534,3.4,12.8,4.7,21.0,0.0,False
hvfhv,2023-04,3,2962619,0,129917,802,344,1736,13,19,132344,2830275,5.8,12.8,4.0,22.6,0.0,False
hvfhv,2023-04,4,3185471,0,130084,921,410,2029,14,9,132859,3052612,5.1,12.3,4.3,21.7,0.0,False
hvfhv,2023-04,5,3640343,0,140989,882,424,1884,2,28,143657,3496686,6.4,13.7,4.8,24.9,0.0,False
hvfhv,2023-05,0,3160991,0,131632,858,364,977,8,12,133299,3027692,7.4,11.3,4.3,22.9,0.0,False
hvfhv,2023-05,1,3139894,0,137022,782,320,998,11,14,138671,3001223,4.3,10.6,4.1,18.9,0.0,False
hvfhv,2023-05,2,3414966,0,145570,972,386,1280,11,17,147565,3267401,4.5,15.0,4.5,24.0,0.0,False
hvfhv,2023-05,3,3490998,0,143858,865,405,1151,11,22,145733,3345265,6.7,15.5,4.0,26.2,0.0,False
hvfhv,2023-05,4,3038511,0,133323,810,348,898,11,17,134921,2903590,6.7,14.8,4.4,26.0,0.0,False
hvfhv,2023-05,5,3602316,0,150491,917,340,1151,11,23,152287,3450029,4.8,18.9,4.5,28.2,0.0,False
hvfhv,2023-06,0,3293751,0,133509,822,359,972,6,17,135124,3158627,7.3,13.7,6.0,27.0,0.0,False
hvfhv,2023-06,1,3308916,0,140947,838,342,950,8,20,142598,3166318,2.7,8.5,2.2,13.4,0.0,False
hvfhv,2023-06,2,3144669,0,136346,777,371,883,9,33,137884,3006785,2.0,5.2,2.0,9.2,0.0,False
hvfhv,2023-06,3,3175536,0,131074,847,343,1110,10,23,132800,3042736,2.3,7.1,3.0,12.4,0.0,False
hvfhv,2023-06,4,3429013,0,144669,1033,396,1175,8,20,146545,3282468,3.4,9.4,2.6,15.4,0.0,False
hvfhv,2023-06,5,3014734,0,130580,1335,469,1090,7,27,132339,2882395,3.1,8.0,1.9,13.0,0.0,False
hvfhv,2023-07,0,2768534,0,109967,895,305,112,2,25,110770,2657764,1.4,3.5,2.0,6.9,0.0,False
hvfhv,2023-07,1,3015707,0,119294,924,359,93,6,20,120107,2895600,1.6,4.8,2.1,8.4,0.0,False
hvfhv,2023-07,2,3247529,0,132936,914,410,62,19,19,133812,3113717,2.1,6.1,2.3,10.5,0.0,False
hvfhv,2023-07,3,3010076,0,130447,944,358,64,34,9,131301,2878775,2.4,5.5,1.9,9.8,0.0,False
hvfhv,2023-07,4,3210515,0,136394,1010,348,77,27,18,137345,3073170,6.7,9.7,2.1,18.4,0.0,False
hvfhv,2023-07,5,3879770,0,165829,1297,521,95,18,31,166998,3712772,3.0,8.6,2.6,14.2,0.0,False
hvfhv,2023-08,0,3034547,0,130295,952,350,74,10,13,131136,2903411,0.9,2.2,1.9,5.0,0.0,False
hvfhv,2023-08,1,2875543,0,121704,874,344,56,5,12,122469,2753074,0.8,2.1,1.7,4.6,0.0,False
hvfhv,2023-08,2,2995618,0,126175,860,345,283,3,18,127200,2868418,0.9,1.9,1.6,4.4,0.0,False
hvfhv,2023-08,3,3113377,0,130015,890,335,1848,6,17,132551,2980826,0.9,1.9,2.1,4.9,0.0,False
hvfhv,2023-08,4,2784562,0,115730,891,312,1362,8,15,117821,2666741,0.7,1.8,2.2,4.7,0.0,False
hvfhv,2023-08,5,3518503,0,147039,1031,379,398,17,19,148288,3370215,1.2,2.8,2.2,6.2,0.0,False
hvfhv,2023-09,0,3113579,0,125523,892,428,48,7,23,126450,2987129,0.9,2.4,1.9,5.2,0.0,False
hvfhv,2023-09,1,3627973,0,143057,1620,1259,48,7,50,145165,3482808,1.0,3.7,2.2,6.8,0.0,False
hvfhv,2023-09,2,3210117,0,137519,1184,671,38,8,23,138835,3071282,0.9,2.0,2.0,4.9,0.0,False
hvfhv,2023-09,3,3116987,0,132657,854,379,51,11,48,133595,2983392,0.8,2.0,2.0,4.8,0.0,False
hvfhv,2023-09,4,3397949,0,131184,806,346,123,8,35,132075,3265874,0.9,2.1,2.2,5.2,0.0,False
hvfhv,2023-09,5,3384518,0,134812,1007,525,1262,7,143,137196,3247322,1.2,2.6,2.2,6.0,0.0,False
hvfhv,2023-10,0,2988796,0,131749,758,287,57,5,183,132658,2856138,0.9,2.2,1.8,4.8,0.0,False
hvfhv,2023-10,1,3203024,0,129814,798,338,48,9,305,130835,3072189,0.8,2.2,2.0,5.0,0.0,False
hvfhv,2023-10,2,3461086,0,144333,852,365,56,4,98,145254,3315832,0.8,2.6,2.2,5.6,0.0,False
hvfhv,2023-10,3,3177299,0,133210,855,410,45,4,81,134159,3043140,0.8,2.2,2.0,5.0,0.0,False
hvfhv,2023-10,4,3151942,0,134272,758,325,51,1,10,135060,3016882,0.8,2.1,1.8,4.8,0.0,False
hvfhv,2023-10,5,4204183,0,168138,1022,553,67,5,21,169350,4034833,1.1,3.7,2.5,7.3,0.0,False
hvfhv,2023-11,0,3372221,0,140005,787,302,45,3,24,140816,3231405,4.5,5.7,2.1,12.2,0.0,False
hvfhv,2023-11,1,3105392,0,134115,682,286,38,4,7,134799,2970593,0.9,2.2,1.8,4.9,0.0,False
hvfhv,2023-11,2,3257918,0,140018,774,269,41,2,12,140747,3117171,1.0,2.2,2.0,5.2,0.0,False
hvfhv,2023-11,3,3457257,0,144386,884,300,45,6,13,145257,3312000,1.0,2.1,2.2,5.2,0.0,False
hvfhv,2023-11,4,3020687,0,128152,939,324,63,4,17,129040,2891647,0.9,1.8,2.2,4.9,0.0,False
hvfhv,2023-11,5,3055775,0,131678,876,306,43,2,4,132520,2923255,1.1,2.1,2.1,5.3,0.0,False
hvfhv,2023-12,0,3529537,0,143958,838,312,105,7,4,144905,3384632,1.0,3.4,2.0,6.4,0.0,False
hvfhv,2023-12,1,3723976,0,166397,959,341,273,5,9,167610,3556366,0.9,2.4,2.2,5.5,0.0,False
hvfhv,2023-12,2,3472106,0,162429,933,390,171,4,21,163568,3308538,1.0,2.4,2.1,5.5,0.0,False
hvfhv,2023-12,3,3437828,0,138482,843,346,689,5,30,140002,3297826,0.9,2.1,1.8,4.8,0.0,False
hvfhv,2023-12,4,3035988,0,132035,819,271,343,6,15,133085,2902903,0.8,2.0,2.0,4.8,0.0,False
hvfhv,2023-12,5,3316862,0,138273,810,322,95,4,25,139147,3177715,1.1,2.3,2.3,5.7,0.0,False
yellow,2022-01,0,2463931,52,43779,29508,32752,13893,3348,0,90554,2373377,0.7,2.0,1.8,4.5,0.0,False
yellow,2022-02,0,2979431,64,50161,32611,37113,16705,3516,0,103235,2876196,0.9,2.4,1.8,5.1,0.0,False
yellow,2022-03,0,3627882,89,65685,41485,48291,21319,4471,0,133258,3494624,1.2,3.9,2.2,7.3,0.0,False
yellow,2022-04,0,3599920,158,65189,40938,50962,20507,4878,0,133409,3466511,1.1,3.2,2.2,6.5,0.0,False
yellow,2022-05,0,3588295,143,65029,46593,53877,22006,4942,0,139325,3448970,1.0,3.1,2.1,6.2,0.0,False
yellow,2022-06,0,3558124,512,62415,52613,60288,24237,7482,0,145974,3412150,1.0,3.0,2.2,6.2,0.0,False
yellow,2022-07,0,3174394,82,64056,45784,49723,22806,4097,0,135582,3038812,0.9,2.5,2.0,5.4,0.0,False
yellow,2022-08,0,3152677,53,66268,49029,48759,23961,3521,0,142263,3010414,1.0,2.6,1.9,5.4,0.0,False
yellow,2022-09,0,3183767,77,64436,52183,48537,22850,2631,0,142244,3041523,0.9,2.7,2.1,5.8,0.0,False
yellow,2022-10,0,3675411,91,76011,62330,59036,27716,4172,0,168723,3506688,1.1,4.5,2.3,7.9,0.0,False
yellow,2022-11,0,3252717,97,70605,59752,51608,25698,3335,0,160358,3092359,0.9,2.7,2.0,5.6,0.0,False
yellow,2022-12,0,3399549,46,74011,62762,51067,28555,2857,0,169039,3230510,1.0,3.0,2.0,6.0,0.0,False
yellow,2023-01,0,3066766,48,58248,45950,36274,26160,1617,0,132386,2934380,3.0,8.4,2.1,13.5,0.0,False
yellow,2023-02,0,2913955,55,53430,41190,34597,25813,1649,0,122365,2791590,0.7,2.3,1.7,4.7,0.0,False
yellow,2023-03,0,3403766,189,53424,48645,41793,30903,2232,0,136004,3267762,0.8,3.7,2.4,6.9,0.0,False
yellow,2023-04,0,3288250,95,54728,40334,39862,31106,1812,0,128956,3159294,0.8,2.7,2.2,5.7,0.0,False
yellow,2023-05,0,3513649,50,58601,47030,42820,33310,1777,0,140995,3372654,0.8,3.2,2.0,6.1,0.0,False
yellow,2023-06,0,3307234,41,57124,47617,40559,32503,1787,0,138647,3168587,0.9,2.3,1.9,5.2,0.0,False
yellow,2023-07,0,2907108,59,52624,49929,37951,32142,1514,0,135573,2771535,0.7,1.9,1.9,4.6,0.0,False
yellow,2023-08,0,2824209,34,49995,57552,36363,32244,1352,0,139262,2684947,0.7,1.4,1.7,3.8,0.0,False
yellow,2023-09,0,2846722,32,49697,98674,35673,30510,1286,0,178131,2668591,0.6,1.4,1.8,3.8,0.0,False
yellow,2023-10,0,3522285,53,56526,121779,43452,38189,1432,0,215986,3306299,0.7,3.5,2.0,6.2,0.0,False
yellow,2023-11,0,3339715,31,50213,102663,41711,37969,1343,0,192177,3147538,0.6,1.8,2.0,4.4,0.0,False
yellow,2023-12,0,3376567,43,38981,73398,43244,43683,1450,0,159550,3217017,0.7,2.2,2.0,4.9,0.0,False
