d,AIRPORT,CRZ,CRZ_PARTIAL,MN_NORTH,OUTER
2024-01-01,21152.0,139681.0,14398.0,52435.0,378981.0
2024-01-02,23292.0,100373.0,14850.0,41519.0,279089.0
2024-01-03,21697.0,106628.0,16563.0,44373.0,289941.0
2024-01-04,19550.0,133539.0,20808.0,57222.0,319952.0
2024-01-05,18153.0,152358.0,23886.0,69677.0,370831.0
2024-01-06,17171.0,198061.0,24712.0,66960.0,378969.0
2024-01-07,23445.0,135042.0,17012.0,48834.0,298574.0
2024-01-08,20764.0,112283.0,19419.0,51063.0,296587.0
2024-01-09,15047.0,157893.0,24770.0,58490.0,348443.0
2024-01-10,20728.0,139423.0,20949.0,51733.0,311042.0
2024-01-11,20820.0,155480.0,22270.0,54501.0,328834.0
2024-01-12,21416.0,169015.0,23616.0,62969.0,381708.0
2024-01-13,18188.0,211028.0,23744.0,64562.0,408887.0
2024-01-14,20632.0,189992.0,20475.0,57985.0,362284.0
2024-01-15,25363.0,149157.0,18426.0,48116.0,297684.0
2024-01-16,23138.0,161910.0,23004.0,55002.0,331406.0
2024-01-17,21265.0,178555.0,25508.0,60931.0,367104.0
2024-01-18,18910.0,182097.0,26290.0,61898.0,366859.0
2024-01-19,18421.0,190369.0,27566.0,69635.0,408949.0
2024-01-20,15228.0,237513.0,28798.0,74309.0,442042.0
2024-01-21,23226.0,178518.0,21253.0,60799.0,369332.0
2024-01-22,22812.0,132095.0,21419.0,53934.0,319498.0
2024-01-23,17417.0,154060.0,23003.0,53838.0,315638.0
2024-01-24,16667.0,168626.0,24110.0,57402.0,328877.0
2024-01-25,18800.0,177894.0,24749.0,58848.0,344432.0
2024-01-26,18781.0,186135.0,26232.0,66738.0,391778.0
2024-01-27,12159.0,212322.0,25365.0,67236.0,406999.0
2024-01-28,20935.0,192966.0,22777.0,62879.0,377079.0
2024-01-29,21784.0,127735.0,20089.0,51845.0,308149.0
2024-01-30,16407.0,152169.0,22133.0,53389.0,313381.0
2024-01-31,15979.0,160200.0,22499.0,55967.0,328774.0
2024-02-01,18469.0,171878.0,23373.0,58716.0,346601.0
2024-02-02,17742.0,190101.0,26680.0,71040.0,411615.0
2024-02-03,11865.0,215895.0,24963.0,69048.0,430272.0
2024-02-04,21107.0,166802.0,18379.0,56927.0,357464.0
2024-02-05,21917.0,130313.0,20362.0,53743.0,314880.0
2024-02-06,16766.0,153369.0,22408.0,54311.0,315544.0
2024-02-07,16449.0,162554.0,21302.0,55529.0,323159.0
2024-02-08,19358.0,178521.0,23976.0,59711.0,345897.0
2024-02-09,20102.0,192836.0,24405.0,68077.0,406413.0
2024-02-10,12306.0,216782.0,24098.0,68589.0,426171.0
2024-02-11,20636.0,185279.0,21360.0,64568.0,389949.0
2024-02-12,21527.0,144413.0,21365.0,56518.0,331772.0
2024-02-13,15054.0,141057.0,20845.0,45485.0,269685.0
2024-02-14,16697.0,188344.0,26326.0,69262.0,418242.0
2024-02-15,17662.0,181160.0,24729.0,63807.0,380211.0
2024-02-16,19864.0,178948.0,23640.0,66451.0,416852.0
2024-02-17,13381.0,209693.0,22567.0,70552.0,435111.0
2024-02-18,18736.0,174996.0,17740.0,59710.0,383269.0
2024-02-19,27005.0,129716.0,16245.0,52183.0,307086.0
2024-02-20,21181.0,146597.0,20718.0,52623.0,311866.0
2024-02-21,17498.0,158485.0,21570.0,56565.0,322262.0
2024-02-22,19376.0,174374.0,23466.0,61346.0,358420.0
2024-02-23,19432.0,182429.0,24173.0,66973.0,394377.0
2024-02-24,13167.0,218829.0,23622.0,68907.0,439181.0
2024-02-25,21904.0,167822.0,18708.0,59789.0,376856.0
2024-02-26,24178.0,122245.0,19624.0,54268.0,322839.0
2024-02-27,20268.0,156329.0,22582.0,58611.0,352690.0
2024-02-28,20338.0,167745.0,24101.0,61565.0,364175.0
2024-02-29,21423.0,178478.0,24311.0,65337.0,390128.0
2024-03-01,20879.0,187039.0,25699.0,70578.0,429607.0
2024-03-02,14459.0,241375.0,30411.0,79223.0,474762.0
2024-03-03,23385.0,159925.0,18799.0,59124.0,376351.0
2024-03-04,25856.0,130106.0,19951.0,53837.0,325898.0
2024-03-05,19432.0,169997.0,25572.0,60528.0,361524.0
2024-03-06,19580.0,185688.0,26199.0,64983.0,395620.0
2024-03-07,20286.0,175196.0,24390.0,61227.0,360733.0
2024-03-08,20438.0,181445.0,24584.0,68034.0,415374.0
2024-03-09,13885.0,249193.0,29917.0,76640.0,485104.0
2024-03-10,23780.0,165538.0,20002.0,57886.0,379426.0
2024-03-11,25264.0,133465.0,21162.0,54187.0,337881.0
2024-03-12,21394.0,139941.0,20504.0,52212.0,320285.0
2024-03-13,19895.0,155915.0,21837.0,55124.0,340825.0
2024-03-14,20871.0,169461.0,22731.0,59736.0,371237.0
2024-03-15,20346.0,182540.0,23630.0,65858.0,419615.0
2024-03-16,15395.0,205092.0,21354.0,64587.0,442536.0
2024-03-17,25399.0,152510.0,17307.0,55136.0,372966.0
2024-03-18,25806.0,127164.0,18414.0,51185.0,325724.0
2024-03-19,20140.0,145804.0,20434.0,52364.0,332613.0
2024-03-20,19665.0,158666.0,21000.0,55618.0,353350.0
2024-03-21,20634.0,172948.0,21897.0,58909.0,375534.0
2024-03-22,21044.0,180745.0,22608.0,64727.0,427389.0
2024-03-23,15265.0,251730.0,28294.0,75087.0,475987.0
2024-03-24,25490.0,165088.0,17901.0,56529.0,388933.0
2024-03-25,26264.0,128242.0,18327.0,51547.0,322665.0
2024-03-26,21262.0,143409.0,20086.0,51988.0,330584.0
2024-03-27,19096.0,163935.0,21389.0,57328.0,353108.0
2024-03-28,20228.0,171791.0,22434.0,62489.0,405796.0
2024-03-29,19747.0,176019.0,21848.0,62319.0,409380.0
2024-03-30,13094.0,189100.0,21174.0,63098.0,431993.0
2024-03-31,23095.0,148102.0,17026.0,58176.0,383338.0
2024-04-01,24827.0,129358.0,19362.0,52294.0,313661.0
2024-04-02,21357.0,172477.0,25182.0,62376.0,373774.0
2024-04-03,16563.0,198688.0,28444.0,69151.0,414326.0
2024-04-04,23486.0,175928.0,23276.0,59978.0,372427.0
2024-04-05,19538.0,185743.0,24907.0,66420.0,419184.0
2024-04-06,13055.0,204386.0,23805.0,66300.0,435097.0
2024-04-07,22572.0,158821.0,18361.0,56268.0,367298.0
2024-04-08,24364.0,126726.0,20005.0,51786.0,314865.0
2024-04-09,21345.0,135401.0,20377.0,54206.0,330563.0
2024-04-10,19883.0,151418.0,21223.0,54816.0,332274.0
2024-04-11,19436.0,173435.0,23614.0,61109.0,372773.0
2024-04-12,21518.0,184075.0,25849.0,67330.0,419299.0
2024-04-13,14650.0,210371.0,25394.0,71627.0,446612.0
2024-04-14,23686.0,161964.0,19096.0,59393.0,383941.0
2024-04-15,26539.0,128262.0,19753.0,53139.0,329124.0
2024-04-16,20573.0,143824.0,21251.0,53892.0,322614.0
2024-04-17,19571.0,167642.0,23314.0,58483.0,352444.0
2024-04-18,21081.0,185552.0,25584.0,62754.0,372804.0
2024-04-19,21673.0,184948.0,25329.0,67775.0,410630.0
2024-04-20,14211.0,205184.0,24448.0,70205.0,450221.0
2024-04-21,23608.0,161294.0,18749.0,59234.0,373128.0
2024-04-22,23694.0,120835.0,19617.0,51169.0,291325.0
2024-04-23,20438.0,136954.0,20413.0,51297.0,283163.0
2024-04-24,20621.0,155942.0,21575.0,53808.0,299292.0
2024-04-25,21506.0,171015.0,23175.0,57264.0,328058.0
2024-04-26,21332.0,179833.0,23929.0,63559.0,374471.0
2024-04-27,16021.0,204032.0,23367.0,66621.0,418645.0
2024-04-28,24537.0,158118.0,18376.0,57289.0,366872.0
2024-04-29,26367.0,133747.0,19897.0,54272.0,304255.0
2024-04-30,24381.0,153792.0,22160.0,54135.0,299275.0
2024-05-01,24583.0,164834.0,22757.0,56677.0,333734.0
2024-05-02,22026.0,178745.0,24399.0,59473.0,358506.0
2024-05-03,22185.0,188178.0,25184.0,66648.0,404045.0
2024-05-04,16241.0,214987.0,25651.0,68782.0,441676.0
2024-05-05,25064.0,175077.0,20451.0,60601.0,397192.0
2024-05-06,27805.0,137035.0,20875.0,52884.0,311739.0
2024-05-07,21677.0,152089.0,23539.0,53319.0,316493.0
2024-05-08,21254.0,170215.0,23919.0,58000.0,345381.0
2024-05-09,22739.0,178212.0,24768.0,60312.0,353533.0
2024-05-10,22316.0,197824.0,27493.0,71240.0,434260.0
2024-05-11,16579.0,198263.0,24025.0,67901.0,439468.0
2024-05-12,26199.0,168970.0,20884.0,64328.0,400930.0
2024-05-13,28509.0,142915.0,22102.0,55313.0,316198.0
2024-05-14,24002.0,171695.0,24227.0,59677.0,323958.0
2024-05-15,21848.0,187984.0,26534.0,62477.0,358482.0
2024-05-16,23719.0,191488.0,25970.0,62398.0,364740.0
2024-05-17,22960.0,188009.0,25334.0,64391.0,411138.0
2024-05-18,16510.0,206615.0,24846.0,66534.0,453225.0
2024-05-19,25571.0,162671.0,18708.0,56804.0,380006.0
2024-05-20,27196.0,136969.0,20148.0,52076.0,313690.0
2024-05-21,22541.0,154583.0,22390.0,54823.0,316772.0
2024-05-22,20870.0,161870.0,23445.0,57700.0,348380.0
2024-05-23,21266.0,170524.0,24098.0,60443.0,368356.0
2024-05-24,22447.0,156563.0,21779.0,63277.0,413818.0
2024-05-25,15527.0,158043.0,17721.0,57397.0,417941.0
2024-05-26,18956.0,141066.0,14565.0,52053.0,397539.0
2024-05-27,26030.0,116545.0,13649.0,44450.0,296756.0
2024-05-28,29149.0,124234.0,19755.0,50039.0,306558.0
2024-05-29,20724.0,151942.0,23422.0,56585.0,337436.0
2024-05-30,22404.0,157046.0,23704.0,58940.0,348580.0
2024-05-31,21147.0,167667.0,23075.0,65454.0,403269.0
2024-06-01,18027.0,194714.0,22179.0,65915.0,452078.0
2024-06-02,27135.0,155226.0,17245.0,56113.0,385585.0
2024-06-03,27775.0,137036.0,20628.0,52487.0,315954.0
2024-06-04,22723.0,156116.0,22103.0,52712.0,316773.0
2024-06-05,20617.0,169513.0,23775.0,56595.0,344185.0
2024-06-06,23990.0,189788.0,25819.0,61224.0,369176.0
2024-06-07,23411.0,182178.0,23797.0,63770.0,414466.0
2024-06-08,16733.0,188761.0,21691.0,63852.0,453669.0
2024-06-09,26063.0,151511.0,15768.0,53702.0,390058.0
2024-06-10,26499.0,138416.0,20208.0,51309.0,317185.0
2024-06-11,20765.0,155374.0,22331.0,53925.0,314346.0
2024-06-12,20902.0,167424.0,22456.0,56979.0,326822.0
2024-06-13,21499.0,181980.0,23798.0,61347.0,357298.0
2024-06-14,19696.0,188112.0,23969.0,66602.0,437411.0
2024-06-15,19388.0,183342.0,20152.0,61241.0,451100.0
2024-06-16,23420.0,138161.0,14916.0,51553.0,389682.0
2024-06-17,23972.0,128477.0,20052.0,49613.0,308390.0
2024-06-18,19387.0,151507.0,22131.0,55648.0,341312.0
2024-06-19,21187.0,149658.0,21233.0,51811.0,332682.0
2024-06-20,20377.0,161082.0,22889.0,59724.0,377338.0
2024-06-21,20684.0,178946.0,23254.0,65640.0,434385.0
2024-06-22,17202.0,207362.0,22559.0,66325.0,455677.0
2024-06-23,25259.0,168698.0,18271.0,56934.0,385725.0
2024-06-24,31520.0,139182.0,18612.0,49898.0,325114.0
2024-06-25,23576.0,155073.0,20483.0,52138.0,339961.0
2024-06-26,19271.0,167870.0,21875.0,55649.0,367553.0
2024-06-27,24474.0,166219.0,21409.0,54359.0,353714.0
2024-06-28,21693.0,162683.0,20828.0,59122.0,397814.0
2024-06-29,15286.0,187566.0,19772.0,60471.0,444091.0
2024-06-30,18436.0,151847.0,16154.0,53625.0,389205.0
2024-07-01,23542.0,121496.0,16734.0,47328.0,307587.0
2024-07-02,16149.0,123464.0,17889.0,47147.0,307939.0
2024-07-03,16695.0,123089.0,17073.0,50586.0,341481.0
2024-07-04,16122.0,111964.0,12886.0,45662.0,347292.0
2024-07-05,14766.0,132121.0,15461.0,52906.0,376979.0
2024-07-06,18159.0,144923.0,15604.0,51886.0,366696.0
2024-07-07,28578.0,133235.0,13872.0,47041.0,335137.0
2024-07-08,28141.0,126011.0,17532.0,47104.0,301344.0
2024-07-09,22991.0,151298.0,20220.0,49808.0,307753.0
2024-07-10,18730.0,173615.0,22091.0,52635.0,327213.0
2024-07-11,21810.0,168749.0,21147.0,54322.0,342887.0
2024-07-12,19680.0,175039.0,21506.0,60055.0,389635.0
2024-07-13,16665.0,194594.0,21070.0,62520.0,422102.0
2024-07-14,23277.0,158470.0,16592.0,54412.0,386683.0
2024-07-15,26612.0,139717.0,19509.0,51534.0,329347.0
2024-07-16,20426.0,168633.0,22211.0,53181.0,334944.0
2024-07-17,18223.0,180321.0,23063.0,55824.0,352851.0
2024-07-18,24995.0,170446.0,21498.0,54975.0,348039.0
2024-07-19,20131.0,167300.0,20344.0,59648.0,391093.0
2024-07-20,17185.0,182860.0,18812.0,60887.0,418943.0
2024-07-21,23097.0,153498.0,15645.0,52834.0,366022.0
2024-07-22,23301.0,128071.0,17647.0,46889.0,299046.0
2024-07-23,22748.0,149935.0,20647.0,49919.0,302958.0
2024-07-24,19587.0,158801.0,20846.0,52164.0,318149.0
2024-07-25,21821.0,165797.0,20754.0,53414.0,333164.0
2024-07-26,20026.0,171593.0,20740.0,60666.0,386570.0
2024-07-27,15551.0,184119.0,19687.0,62401.0,416633.0
2024-07-28,23623.0,153754.0,15739.0,54272.0,358143.0
2024-07-29,23755.0,128305.0,17422.0,47936.0,293615.0
2024-07-30,18290.0,149855.0,20454.0,50605.0,302259.0
2024-07-31,18894.0,160964.0,21511.0,56134.0,329221.0
2024-08-01,21107.0,168274.0,22418.0,58837.0,355772.0
2024-08-02,19468.0,180095.0,22278.0,64936.0,413993.0
2024-08-03,17107.0,194548.0,19461.0,60555.0,432874.0
2024-08-04,23952.0,155023.0,15339.0,50533.0,346497.0
2024-08-05,25869.0,132618.0,17698.0,48943.0,307195.0
2024-08-06,17802.0,172142.0,22150.0,56742.0,344772.0
2024-08-07,23260.0,164505.0,21765.0,53788.0,324414.0
2024-08-08,20245.0,174565.0,22477.0,58553.0,352825.0
2024-08-09,20185.0,170561.0,20642.0,59714.0,380052.0
2024-08-10,16750.0,171152.0,17574.0,55745.0,404086.0
2024-08-11,23191.0,133375.0,13890.0,49829.0,354130.0
2024-08-12,23234.0,111422.0,15638.0,46251.0,294828.0
2024-08-13,18585.0,126752.0,17289.0,46020.0,288542.0
2024-08-14,18596.0,139166.0,18885.0,50636.0,315933.0
2024-08-15,20260.0,149606.0,18946.0,53684.0,340984.0
2024-08-16,20304.0,156302.0,19490.0,58581.0,386233.0
2024-08-17,15570.0,167043.0,17291.0,57964.0,416308.0
2024-08-18,20101.0,145277.0,15062.0,52925.0,359029.0
2024-08-19,28019.0,112940.0,15748.0,46914.0,301557.0
2024-08-20,24145.0,122392.0,17074.0,46884.0,295930.0
2024-08-21,20516.0,130559.0,17062.0,47375.0,305587.0
2024-08-22,20813.0,137974.0,17275.0,49656.0,320755.0
2024-08-23,22177.0,150803.0,17986.0,55741.0,371162.0
2024-08-24,17219.0,168568.0,16598.0,55019.0,408404.0
2024-08-25,24475.0,139727.0,13729.0,48319.0,351131.0
2024-08-26,24826.0,116743.0,15745.0,45278.0,297076.0
2024-08-27,21824.0,124911.0,16914.0,46601.0,294887.0
2024-08-28,20843.0,142645.0,18936.0,51883.0,330517.0
2024-08-29,22716.0,141326.0,17850.0,51907.0,339944.0
2024-08-30,23601.0,149047.0,17967.0,58930.0,396616.0
2024-08-31,18470.0,164443.0,16215.0,56895.0,408760.0
2024-09-01,20991.0,145463.0,14185.0,51201.0,379062.0
2024-09-02,30516.0,114358.0,12549.0,40906.0,306212.0
2024-09-03,27841.0,126546.0,18241.0,50154.0,307380.0
2024-09-04,21616.0,145721.0,20471.0,51617.0,318292.0
2024-09-05,20314.0,170053.0,22005.0,54465.0,338393.0
2024-09-06,20584.0,191389.0,22938.0,60674.0,384745.0
2024-09-07,15446.0,219772.0,22060.0,61427.0,408689.0
2024-09-08,25375.0,174342.0,16667.0,51789.0,356088.0
2024-09-09,24627.0,143176.0,19536.0,48995.0,307616.0
2024-09-10,18811.0,150937.0,20110.0,51949.0,309872.0
2024-09-11,17731.0,152761.0,19862.0,50793.0,316474.0
2024-09-12,21346.0,167879.0,22405.0,56135.0,345351.0
2024-09-13,21486.0,171763.0,22161.0,61746.0,402445.0
2024-09-14,14557.0,186313.0,20565.0,61647.0,434840.0
2024-09-15,24234.0,150367.0,16149.0,52597.0,372820.0
2024-09-16,25494.0,128924.0,19282.0,49438.0,310448.0
2024-09-17,20380.0,146703.0,21065.0,51086.0,308522.0
2024-09-18,20238.0,158914.0,21740.0,53728.0,328879.0
2024-09-19,21684.0,167068.0,22633.0,55493.0,345840.0
2024-09-20,22446.0,177160.0,23215.0,61754.0,400423.0
2024-09-21,15653.0,191470.0,21589.0,62117.0,426199.0
2024-09-22,25741.0,162648.0,18713.0,54745.0,363389.0
2024-09-23,25223.0,129752.0,19607.0,50616.0,305221.0
2024-09-24,19448.0,134889.0,19411.0,50754.0,308359.0
2024-09-25,20216.0,146885.0,19853.0,52205.0,324428.0
2024-09-26,21290.0,162197.0,21542.0,57472.0,354528.0
2024-09-27,21385.0,177156.0,22614.0,62985.0,398998.0
2024-09-28,15351.0,223177.0,27164.0,71679.0,463720.0
2024-09-29,24398.0,174147.0,21482.0,60260.0,388050.0
2024-09-30,25717.0,129975.0,19858.0,50783.0,307805.0
2024-10-01,18919.0,142710.0,21397.0,53729.0,311059.0
2024-10-02,17116.0,148263.0,21869.0,55228.0,316069.0
2024-10-03,19349.0,154556.0,21377.0,55147.0,314332.0
2024-10-04,19572.0,167440.0,21839.0,58711.0,361946.0
2024-10-05,15256.0,186548.0,21915.0,60824.0,422912.0
2024-10-06,24473.0,153893.0,17929.0,52533.0,358301.0
2024-10-07,27478.0,128131.0,18847.0,49764.0,300160.0
2024-10-08,21628.0,149505.0,20924.0,51623.0,305808.0
2024-10-09,19617.0,159720.0,21975.0,53686.0,320372.0
2024-10-10,19985.0,171526.0,23022.0,58315.0,351743.0
2024-10-11,21318.0,171687.0,23162.0,62728.0,399302.0
2024-10-12,14782.0,189824.0,22226.0,64423.0,430193.0
2024-10-13,22141.0,160549.0,17403.0,55970.0,377280.0
2024-10-14,25746.0,130301.0,17935.0,48435.0,295452.0
2024-10-15,25082.0,148806.0,21533.0,53496.0,317687.0
2024-10-16,22386.0,162279.0,22100.0,55077.0,329401.0
2024-10-17,22190.0,175974.0,23347.0,56954.0,345719.0
2024-10-18,22650.0,183546.0,23605.0,63409.0,396833.0
2024-10-19,14888.0,199754.0,22868.0,62677.0,429757.0
2024-10-20,25347.0,161227.0,18082.0,53582.0,368994.0
2024-10-21,26424.0,130255.0,19098.0,50464.0,302211.0
2024-10-22,22184.0,147281.0,21053.0,51235.0,302336.0
2024-10-23,21389.0,158179.0,22296.0,53878.0,314547.0
2024-10-24,23437.0,174847.0,23100.0,58053.0,336936.0
2024-10-25,23217.0,193533.0,24485.0,66085.0,410416.0
2024-10-26,16229.0,219459.0,25036.0,71592.0,482976.0
2024-10-27,24374.0,174223.0,19669.0,57792.0,407652.0
2024-10-28,25538.0,134056.0,19942.0,51420.0,308513.0
2024-10-29,19599.0,151097.0,22631.0,53441.0,312117.0
2024-10-30,19744.0,159356.0,22370.0,56479.0,336676.0
2024-10-31,18748.0,155844.0,22903.0,64474.0,410116.0
2024-11-01,20260.0,200674.0,25238.0,69321.0,432494.0
2024-11-02,13873.0,215345.0,25558.0,69716.0,439135.0
2024-11-03,21967.0,166766.0,17414.0,52968.0,364461.0
2024-11-04,19759.0,130834.0,19852.0,49505.0,299917.0
2024-11-05,17668.0,128315.0,19653.0,50320.0,301443.0
2024-11-06,18551.0,146615.0,21465.0,54797.0,319167.0
2024-11-07,19668.0,166972.0,23604.0,58743.0,338864.0
2024-11-08,22298.0,181787.0,24285.0,64098.0,397372.0
2024-11-09,15683.0,212028.0,25495.0,71265.0,428398.0
2024-11-10,23157.0,180285.0,20710.0,58688.0,372011.0
2024-11-11,25727.0,127863.0,19112.0,48269.0,278905.0
2024-11-12,22661.0,153963.0,22307.0,53470.0,321337.0
2024-11-13,20991.0,168820.0,23371.0,56857.0,336542.0
2024-11-14,22257.0,183741.0,24291.0,59993.0,356068.0
2024-11-15,23021.0,188263.0,24510.0,64475.0,409751.0
2024-11-16,15060.0,214076.0,24775.0,69786.0,444452.0
2024-11-17,24756.0,169724.0,18800.0,56942.0,372251.0
2024-11-18,25588.0,133994.0,20106.0,50289.0,309313.0
2024-11-19,20526.0,155751.0,22290.0,52742.0,316678.0
2024-11-20,18790.0,169323.0,23246.0,55958.0,339296.0
2024-11-21,19584.0,200570.0,27186.0,65430.0,421434.0
2024-11-22,22202.0,205734.0,28809.0,72599.0,463620.0
2024-11-23,15312.0,207632.0,25139.0,69583.0,462920.0
2024-11-24,19015.0,165708.0,20481.0,58449.0,386380.0
2024-11-25,16790.0,129904.0,21266.0,54930.0,328477.0
2024-11-26,15045.0,138629.0,23263.0,59812.0,355065.0
2024-11-27,15576.0,131809.0,20939.0,62144.0,386860.0
2024-11-28,10750.0,105395.0,17076.0,66816.0,422794.0
2024-11-29,17853.0,119716.0,16220.0,52312.0,357120.0
2024-11-30,24037.0,156170.0,19214.0,55390.0,372150.0
2024-12-01,34857.0,145100.0,17618.0,53180.0,345041.0
2024-12-02,33156.0,142272.0,21925.0,55517.0,329847.0
2024-12-03,28269.0,164438.0,23880.0,57058.0,335559.0
2024-12-04,24095.0,175332.0,25473.0,59641.0,357400.0
2024-12-05,22479.0,196903.0,26782.0,64625.0,395919.0
2024-12-06,24231.0,217267.0,29074.0,70748.0,448162.0
2024-12-07,16471.0,230541.0,27980.0,73733.0,464134.0
2024-12-08,24579.0,178719.0,21583.0,59857.0,383674.0
2024-12-09,26017.0,158665.0,23693.0,57183.0,338944.0
2024-12-10,22551.0,176416.0,25047.0,58069.0,347680.0
2024-12-11,21190.0,200663.0,26768.0,61828.0,395687.0
2024-12-12,25111.0,194047.0,25168.0,62725.0,401821.0
2024-12-13,23187.0,219553.0,29224.0,72176.0,462793.0
2024-12-14,15878.0,240461.0,28711.0,76031.0,484172.0
2024-12-15,20924.0,184731.0,22068.0,61924.0,395857.0
2024-12-16,21004.0,160187.0,24439.0,59753.0,364320.0
2024-12-17,18241.0,151734.0,22934.0,56103.0,344965.0
2024-12-18,17164.0,168924.0,25477.0,62206.0,386236.0
2024-12-19,16943.0,173768.0,25898.0,65416.0,406061.0
2024-12-20,17377.0,179542.0,27301.0,71308.0,461735.0
2024-12-21,14728.0,188349.0,25104.0,70929.0,475853.0
2024-12-22,16089.0,156511.0,20031.0,60990.0,417428.0
2024-12-23,14475.0,117621.0,19202.0,54947.0,377146.0
2024-12-24,11306.0,102262.0,17333.0,58678.0,399105.0
2024-12-25,11574.0,77797.0,12235.0,48870.0,333379.0
2024-12-26,16845.0,92973.0,13603.0,43672.0,306655.0
2024-12-27,20287.0,110039.0,15021.0,48088.0,338674.0
2024-12-28,19323.0,134231.0,16335.0,51174.0,356639.0
2024-12-29,24699.0,113460.0,13281.0,45244.0,322085.0
2024-12-30,23264.0,104075.0,14698.0,45274.0,313298.0
2024-12-31,17019.0,137005.0,19460.0,62791.0,438070.0
2025-01-01,18895.0,137738.0,15367.0,56733.0,402283.0
2025-01-02,20387.0,105010.0,15862.0,46918.0,320367.0
2025-01-03,19586.0,130510.0,19174.0,56769.0,364262.0
2025-01-04,20408.0,166875.0,21179.0,61613.0,376805.0
2025-01-05,26000.0,131964.0,16851.0,53855.0,333335.0
2025-01-06,22507.0,114063.0,19388.0,51663.0,334824.0
2025-01-07,19872.0,133425.0,22481.0,56358.0,353529.0
2025-01-08,17661.0,147993.0,23432.0,58190.0,368962.0
2025-01-09,17609.0,164407.0,25440.0,62456.0,390327.0
2025-01-10,20255.0,170907.0,24847.0,64907.0,406944.0
2025-01-11,17782.0,204059.0,25288.0,67947.0,410644.0
2025-01-12,23343.0,160711.0,19214.0,55923.0,348605.0
2025-01-13,21578.0,139011.0,19351.0,50563.0,320615.0
2025-01-14,17201.0,158985.0,21613.0,53750.0,338745.0
2025-01-15,17774.0,165224.0,23049.0,58197.0,365246.0
2025-01-16,19752.0,170611.0,24114.0,61512.0,380700.0
2025-01-17,21558.0,170658.0,24102.0,64651.0,418172.0
2025-01-18,15085.0,193794.0,23215.0,65678.0,429676.0
2025-01-19,15476.0,159476.0,18202.0,56996.0,383660.0
2025-01-20,30748.0,126166.0,17773.0,49259.0,324769.0
2025-01-21,23113.0,151726.0,24163.0,59351.0,361817.0
2025-01-22,17578.0,174130.0,25969.0,62428.0,378246.0
2025-01-23,18440.0,178113.0,25877.0,62360.0,382163.0
2025-01-24,19794.0,187373.0,26249.0,67442.0,425474.0
2025-01-25,13141.0,215658.0,26302.0,70593.0,435207.0
2025-01-26,21183.0,161606.0,19469.0,59067.0,367909.0
2025-01-27,21292.0,125889.0,20111.0,53286.0,327214.0
2025-01-28,17260.0,146182.0,22025.0,56154.0,335286.0
2025-01-29,18071.0,157495.0,22429.0,54934.0,336662.0
2025-01-30,19121.0,174170.0,24225.0,60839.0,377726.0
2025-01-31,18731.0,184327.0,25459.0,68762.0,438637.0
2025-02-01,12915.0,204069.0,24671.0,68155.0,457335.0
2025-02-02,20728.0,168179.0,20913.0,59010.0,395322.0
2025-02-03,21517.0,128885.0,19730.0,52767.0,326908.0
2025-02-04,16899.0,150689.0,22061.0,54674.0,339541.0
2025-02-05,17361.0,168148.0,23401.0,58551.0,355435.0
2025-02-06,18575.0,191540.0,25972.0,62662.0,382565.0
2025-02-07,19662.0,197291.0,25295.0,66808.0,432376.0
2025-02-08,11674.0,212652.0,24399.0,66825.0,434166.0
2025-02-09,22656.0,168430.0,21083.0,59515.0,396678.0
2025-02-10,22769.0,139576.0,20699.0,55601.0,348295.0
2025-02-11,16766.0,159972.0,23072.0,57871.0,350866.0
2025-02-12,17068.0,168981.0,23774.0,60055.0,374478.0
2025-02-13,19261.0,170611.0,23756.0,63706.0,406387.0
2025-02-14,20505.0,181433.0,24014.0,67404.0,487048.0
2025-02-15,13074.0,212106.0,22992.0,66749.0,471923.0
2025-02-16,16555.0,174080.0,18973.0,57245.0,400883.0
2025-02-17,27891.0,134266.0,17328.0,49280.0,338772.0
2025-02-18,25232.0,154465.0,22083.0,56046.0,350150.0
2025-02-19,18787.0,165421.0,23375.0,58884.0,359583.0
2025-02-20,18586.0,176884.0,24582.0,63395.0,390691.0
2025-02-21,21223.0,190859.0,25698.0,69795.0,434208.0
2025-02-22,14262.0,206205.0,24016.0,67960.0,455088.0
2025-02-23,22233.0,152025.0,17914.0,57759.0,381100.0
2025-02-24,24006.0,123328.0,19242.0,53629.0,337626.0
2025-02-25,20479.0,139150.0,20792.0,57028.0,341027.0
2025-02-26,20248.0,150860.0,21491.0,58175.0,361161.0
2025-02-27,20770.0,164322.0,22747.0,63175.0,389261.0
2025-02-28,21845.0,164325.0,22283.0,66179.0,442713.0
2025-03-01,14922.0,187922.0,21771.0,68077.0,463681.0
2025-03-02,23922.0,161503.0,19150.0,61193.0,404137.0
2025-03-03,24152.0,133019.0,20608.0,54322.0,345842.0
2025-03-04,18390.0,141652.0,21187.0,55471.0,340980.0
2025-03-05,16962.0,167741.0,23708.0,62392.0,394900.0
2025-03-06,21898.0,160924.0,22745.0,59597.0,377181.0
2025-03-07,20625.0,172805.0,24001.0,67394.0,428262.0
2025-03-08,14819.0,192203.0,23133.0,66054.0,439318.0
2025-03-09,24207.0,143180.0,17312.0,54742.0,367878.0
2025-03-10,25073.0,119684.0,18977.0,51800.0,327222.0
2025-03-11,20046.0,137163.0,20462.0,52732.0,332249.0
2025-03-12,19300.0,153711.0,22096.0,57860.0,350538.0
2025-03-13,20321.0,164614.0,23074.0,61395.0,387101.0
2025-03-14,20339.0,170995.0,23274.0,66185.0,434932.0
2025-03-15,14517.0,195338.0,21405.0,65201.0,447838.0
2025-03-16,21643.0,138717.0,16672.0,53658.0,370517.0
2025-03-17,29032.0,124740.0,17267.0,50978.0,344780.0
2025-03-18,21220.0,139850.0,18468.0,50935.0,336553.0
2025-03-19,18709.0,149064.0,19270.0,52649.0,351328.0
2025-03-20,19772.0,175360.0,20862.0,56141.0,393938.0
2025-03-21,21359.0,167330.0,21004.0,58925.0,414657.0
2025-03-22,16094.0,179530.0,19092.0,58725.0,425539.0
2025-03-23,27092.0,149965.0,16650.0,53420.0,368555.0
2025-03-24,25498.0,137393.0,19997.0,53277.0,348932.0
2025-03-25,19907.0,134892.0,18038.0,49632.0,320244.0
2025-03-26,17818.0,143428.0,19259.0,52264.0,336628.0
2025-03-27,19920.0,154719.0,20749.0,56003.0,362960.0
2025-03-28,19730.0,165102.0,21486.0,61572.0,407519.0
2025-03-29,14987.0,181227.0,20942.0,61048.0,435803.0
2025-03-30,22862.0,129096.0,14856.0,49549.0,351975.0
2025-03-31,24213.0,124903.0,19435.0,52243.0,312742.0
2025-04-01,25442.0,139334.0,20281.0,52511.0,328512.0
2025-04-02,18472.0,162395.0,21945.0,56396.0,352798.0
2025-04-03,19880.0,169376.0,23344.0,59111.0,366958.0
2025-04-04,19494.0,173369.0,23567.0,64036.0,413649.0
2025-04-05,14017.0,210401.0,25374.0,70745.0,450971.0
2025-04-06,25178.0,155964.0,18363.0,56621.0,372373.0
2025-04-07,24811.0,143455.0,22097.0,55564.0,343441.0
2025-04-08,18561.0,151711.0,22422.0,55610.0,342925.0
2025-04-09,18997.0,163723.0,22794.0,57052.0,358483.0
2025-04-10,19200.0,170630.0,23849.0,61324.0,381424.0
2025-04-11,19574.0,189751.0,26163.0,68588.0,457233.0
2025-04-12,13823.0,210324.0,25438.0,70199.0,464659.0
2025-04-13,23019.0,145698.0,17547.0,55636.0,366000.0
2025-04-14,22229.0,118800.0,17959.0,49604.0,300401.0
2025-04-15,18434.0,139942.0,19738.0,52361.0,317256.0
2025-04-16,18945.0,155457.0,22544.0,55556.0,333396.0
2025-04-17,20181.0,158490.0,21835.0,56741.0,348433.0
2025-04-18,18632.0,162520.0,21093.0,58542.0,385172.0
2025-04-19,13079.0,173662.0,20392.0,60983.0,434893.0
2025-04-20,22661.0,134205.0,16082.0,55865.0,381945.0
2025-04-21,26469.0,120176.0,18453.0,51529.0,317026.0
2025-04-22,24653.0,135440.0,20651.0,52979.0,321649.0
2025-04-23,22050.0,149408.0,21939.0,55600.0,341818.0
2025-04-24,20977.0,157181.0,22435.0,58281.0,359094.0
2025-04-25,21869.0,173974.0,24353.0,65565.0,422359.0
2025-04-26,15056.0,203196.0,26008.0,68513.0,455963.0
2025-04-27,26445.0,149784.0,18973.0,55838.0,387866.0
2025-04-28,27156.0,122643.0,19331.0,51403.0,323591.0
2025-04-29,22050.0,137891.0,21125.0,53338.0,330516.0
2025-04-30,22013.0,151566.0,21992.0,57252.0,354750.0
2025-05-01,23320.0,161352.0,22875.0,58848.0,375063.0
2025-05-02,20959.0,174163.0,24277.0,65546.0,429547.0
2025-05-03,15179.0,196275.0,23615.0,67908.0,464337.0
2025-05-04,25907.0,147908.0,18330.0,53893.0,393508.0
2025-05-05,26338.0,150400.0,23716.0,59158.0,370524.0
2025-05-06,24458.0,160186.0,23292.0,55091.0,340277.0
2025-05-07,23594.0,157736.0,21525.0,54022.0,346289.0
2025-05-08,20511.0,166514.0,24001.0,57884.0,375720.0
2025-05-09,23102.0,185317.0,27964.0,66522.0,451703.0
2025-05-10,16008.0,178774.0,22989.0,61841.0,454703.0
2025-05-11,24895.0,141299.0,17893.0,55657.0,410940.0
2025-05-12,28188.0,129452.0,19926.0,49855.0,321500.0
2025-05-13,22870.0,161089.0,23174.0,53297.0,339683.0
2025-05-14,20979.0,188031.0,27620.0,60466.0,392318.0
2025-05-15,24598.0,169341.0,23621.0,58241.0,376878.0
2025-05-16,23366.0,169765.0,24267.0,63085.0,432855.0
2025-05-17,19454.0,179108.0,21901.0,64664.0,470106.0
2025-05-18,26212.0,140896.0,16631.0,55539.0,397953.0
2025-05-19,26927.0,128928.0,19138.0,51833.0,331170.0
2025-05-20,23013.0,146301.0,20903.0,55642.0,334297.0
2025-05-21,21464.0,172049.0,24637.0,60945.0,385469.0
2025-05-22,21612.0,168927.0,24376.0,60696.0,407123.0
2025-05-23,22109.0,150882.0,21464.0,59093.0,424145.0
2025-05-24,14923.0,149665.0,16695.0,52901.0,417527.0
2025-05-25,18080.0,129667.0,14029.0,48172.0,392396.0
2025-05-26,27509.0,102250.0,12355.0,39683.0,316205.0
2025-05-27,25350.0,120659.0,18922.0,49766.0,325703.0
2025-05-28,21509.0,153039.0,23524.0,55804.0,365596.0
2025-05-29,21295.0,157415.0,23654.0,57446.0,370835.0
2025-05-30,19513.0,164686.0,23114.0,62446.0,421070.0
2025-05-31,16390.0,185492.0,22421.0,65379.0,445180.0
2025-06-01,26086.0,142144.0,16991.0,53316.0,381153.0
2025-06-02,25544.0,121216.0,17591.0,47079.0,301234.0
2025-06-03,22974.0,144363.0,19803.0,50667.0,315544.0
2025-06-04,21989.0,155593.0,22193.0,54886.0,361497.0
2025-06-05,21687.0,163387.0,22203.0,55752.0,382523.0
2025-06-06,21167.0,151375.0,21194.0,55053.0,417123.0
2025-06-07,18561.0,175858.0,21374.0,59245.0,450098.0
2025-06-08,25939.0,135241.0,15383.0,51871.0,392788.0
2025-06-09,26489.0,134612.0,20066.0,48998.0,331962.0
2025-06-10,21572.0,153961.0,22437.0,53343.0,342069.0
2025-06-11,20201.0,153103.0,21789.0,53200.0,357822.0
2025-06-12,20338.0,161254.0,22185.0,55779.0,390048.0
2025-06-13,19831.0,159315.0,21157.0,59513.0,427915.0
2025-06-14,14476.0,173313.0,21015.0,61359.0,461951.0
2025-06-15,22292.0,132921.0,15650.0,50355.0,389835.0
2025-06-16,25789.0,122402.0,19046.0,48960.0,333397.0
2025-06-17,18044.0,141305.0,20492.0,50685.0,340286.0
2025-06-18,19546.0,149078.0,20382.0,54037.0,385992.0
2025-06-19,19911.0,152895.0,20483.0,54172.0,389286.0
2025-06-20,22045.0,146577.0,19685.0,57187.0,430082.0
2025-06-21,15750.0,163565.0,18058.0,56572.0,467431.0
2025-06-22,26023.0,145880.0,15660.0,50482.0,396306.0
2025-06-23,29065.0,138069.0,19819.0,50809.0,364484.0
2025-06-24,22572.0,164460.0,22131.0,54329.0,392857.0
2025-06-25,19108.0,169198.0,21810.0,53430.0,393289.0
2025-06-26,19817.0,158054.0,19787.0,52228.0,385952.0
2025-06-27,23310.0,160745.0,19794.0,54737.0,402783.0
2025-06-28,17386.0,172387.0,18845.0,59195.0,443938.0
2025-06-29,21609.0,134868.0,15016.0,51544.0,404568.0
2025-06-30,19127.0,129436.0,17405.0,48860.0,334720.0
2025-07-01,17204.0,140264.0,18970.0,49588.0,349258.0
2025-07-02,17438.0,127740.0,17445.0,48505.0,345507.0
2025-07-03,15709.0,120828.0,16781.0,52643.0,395660.0
2025-07-04,17711.0,99227.0,11256.0,42290.0,373356.0
2025-07-05,13577.0,112256.0,12030.0,47039.0,399068.0
2025-07-06,26634.0,113125.0,11835.0,44234.0,341790.0
2025-07-07,25433.0,111254.0,15656.0,45241.0,308241.0
2025-07-08,20672.0,140821.0,19395.0,54212.0,335840.0
2025-07-09,20745.0,146796.0,19630.0,50398.0,342746.0
2025-07-10,19636.0,152992.0,19379.0,51889.0,352734.0
2025-07-11,19933.0,157693.0,19731.0,56146.0,401316.0
2025-07-12,14826.0,167787.0,18305.0,56427.0,453429.0
2025-07-13,22688.0,134621.0,14646.0,48703.0,385653.0
2025-07-14,24292.0,139855.0,19559.0,51405.0,346452.0
2025-07-15,25962.0,146625.0,19204.0,48928.0,324888.0
2025-07-16,18942.0,165086.0,20903.0,51640.0,350980.0
2025-07-17,22753.0,169114.0,21202.0,53704.0,375606.0
2025-07-18,20118.0,158339.0,19282.0,56331.0,408022.0
2025-07-19,14228.0,169871.0,18144.0,56917.0,453868.0
2025-07-20,23429.0,143590.0,14894.0,51222.0,388871.0
2025-07-21,24926.0,122975.0,16602.0,45990.0,321935.0
2025-07-22,18630.0,134435.0,18155.0,46756.0,322968.0
2025-07-23,18394.0,146501.0,18795.0,48918.0,334293.0
2025-07-24,19586.0,157548.0,19394.0,52182.0,359595.0
2025-07-25,19584.0,171557.0,20896.0,57992.0,428176.0
2025-07-26,18273.0,162756.0,17014.0,54498.0,447367.0
2025-07-27,21468.0,143377.0,14676.0,49718.0,384560.0
2025-07-28,26666.0,132490.0,18175.0,48639.0,330709.0
2025-07-29,19453.0,158442.0,21345.0,53771.0,346014.0
2025-07-30,16198.0,162009.0,22390.0,54824.0,364726.0
2025-07-31,18354.0,166054.0,21254.0,55209.0,392950.0
2025-08-01,21411.0,147976.0,18874.0,55920.0,406645.0
2025-08-02,15243.0,149061.0,16268.0,54337.0,442058.0
2025-08-03,22757.0,130988.0,13309.0,48758.0,372924.0
2025-08-04,22437.0,116649.0,15782.0,45784.0,320663.0
2025-08-05,17996.0,134636.0,17697.0,47199.0,320522.0
2025-08-06,16929.0,144981.0,18618.0,49186.0,335673.0
2025-08-07,18402.0,145948.0,18090.0,51126.0,349735.0
2025-08-08,18724.0,146786.0,18366.0,56284.0,399187.0
2025-08-09,14099.0,150206.0,15956.0,52681.0,425622.0
2025-08-10,22688.0,122828.0,13394.0,47622.0,374013.0
2025-08-11,23023.0,111418.0,15459.0,46272.0,315651.0
2025-08-12,17873.0,128819.0,17844.0,47928.0,323441.0
2025-08-13,16258.0,152625.0,20151.0,53684.0,362812.0
2025-08-14,22399.0,147959.0,18854.0,53993.0,365733.0
2025-08-15,20564.0,147113.0,18807.0,57779.0,412672.0
2025-08-16,14467.0,152769.0,16291.0,54706.0,426444.0
2025-08-17,19014.0,112171.0,12066.0,42024.0,321718.0
2025-08-18,23856.0,94000.0,13279.0,39694.0,271211.0
2025-08-19,20028.0,118442.0,16448.0,45132.0,307122.0
2025-08-20,19023.0,152597.0,20336.0,52630.0,368783.0
2025-08-21,22077.0,141070.0,17748.0,50122.0,346268.0
2025-08-22,21227.0,146669.0,17898.0,54573.0,389453.0
2025-08-23,16925.0,166334.0,17284.0,57094.0,424390.0
2025-08-24,24829.0,135982.0,14392.0,49209.0,362961.0
2025-08-25,24806.0,109512.0,15059.0,45058.0,311048.0
2025-08-26,20702.0,118871.0,16154.0,45740.0,305579.0
2025-08-27,19766.0,125946.0,16473.0,47672.0,323512.0
2025-08-28,21447.0,133692.0,17001.0,50543.0,354430.0
2025-08-29,21842.0,139787.0,17242.0,55725.0,401057.0
2025-08-30,17462.0,152150.0,16453.0,56420.0,423056.0
2025-08-31,20835.0,134163.0,13691.0,50986.0,392005.0
2025-09-01,30080.0,106843.0,12196.0,41666.0,310285.0
2025-09-02,27037.0,121080.0,18582.0,48828.0,318888.0
2025-09-03,20273.0,139841.0,19864.0,51366.0,332127.0
2025-09-04,17810.0,164490.0,21680.0,54252.0,356291.0
2025-09-05,22327.0,172466.0,22341.0,59918.0,402183.0
2025-09-06,14959.0,200451.0,22907.0,62805.0,428985.0
2025-09-07,26340.0,155812.0,17897.0,53841.0,363400.0
2025-09-08,24788.0,132534.0,18961.0,48300.0,312925.0
2025-09-09,20289.0,149291.0,20426.0,49436.0,316685.0
2025-09-10,20206.0,174770.0,22941.0,53929.0,343254.0
2025-09-11,20625.0,170669.0,21759.0,56047.0,361249.0
2025-09-12,21080.0,180179.0,21656.0,59128.0,409783.0
2025-09-13,14503.0,203275.0,21720.0,62354.0,451818.0
2025-09-14,23888.0,163807.0,17578.0,54160.0,396090.0
2025-09-15,25135.0,142582.0,19421.0,50153.0,323410.0
2025-09-16,19265.0,154082.0,21138.0,51082.0,326304.0
2025-09-17,18751.0,165804.0,22517.0,54430.0,350590.0
2025-09-18,21966.0,166251.0,21978.0,55585.0,367054.0
2025-09-19,21988.0,172791.0,22840.0,60609.0,415376.0
2025-09-20,15488.0,188516.0,22959.0,64766.0,440698.0
2025-09-21,24450.0,152037.0,18050.0,55208.0,380264.0
2025-09-22,22873.0,120126.0,19054.0,49416.0,306492.0
2025-09-23,17814.0,122333.0,18546.0,47699.0,289081.0
2025-09-24,20145.0,147601.0,19836.0,50481.0,316145.0
2025-09-25,21185.0,169855.0,22238.0,57414.0,369022.0
2025-09-26,23764.0,165802.0,21127.0,60066.0,410295.0
2025-09-27,14893.0,192925.0,23693.0,62997.0,450955.0
2025-09-28,24421.0,152638.0,17337.0,52800.0,388071.0
2025-09-29,23848.0,126358.0,18977.0,50079.0,319151.0
2025-09-30,18677.0,138078.0,20453.0,51439.0,328119.0
2025-10-01,17201.0,141055.0,20180.0,53390.0,340524.0
2025-10-02,19317.0,147621.0,21143.0,55270.0,337792.0
2025-10-03,18952.0,164722.0,23251.0,61861.0,412689.0
2025-10-04,14276.0,188243.0,23086.0,63997.0,446526.0
2025-10-05,25308.0,147677.0,18042.0,53874.0,381393.0
2025-10-06,27512.0,129268.0,19072.0,49387.0,319234.0
2025-10-07,21270.0,150347.0,20618.0,51680.0,319032.0
2025-10-08,21753.0,175352.0,23114.0,57685.0,353877.0
2025-10-09,21935.0,166694.0,22453.0,58084.0,382819.0
2025-10-10,21978.0,178012.0,23789.0,62904.0,428579.0
2025-10-11,15407.0,207430.0,24750.0,66532.0,456423.0
2025-10-12,21273.0,179823.0,19921.0,58102.0,406284.0
2025-10-13,24783.0,144839.0,21275.0,51802.0,324549.0
2025-10-14,26400.0,154072.0,21745.0,55055.0,328098.0
2025-10-15,22642.0,164582.0,22027.0,56919.0,347680.0
2025-10-16,21843.0,174005.0,23456.0,59869.0,388025.0
2025-10-17,21368.0,177614.0,23973.0,63423.0,428215.0
2025-10-18,14343.0,192193.0,24003.0,65518.0,465850.0
2025-10-19,23614.0,155698.0,18484.0,55787.0,393342.0
2025-10-20,26881.0,135150.0,20735.0,53525.0,324134.0
2025-10-21,22077.0,144699.0,21398.0,53518.0,335437.0
2025-10-22,20261.0,159685.0,22250.0,56436.0,356528.0
2025-10-23,21753.0,169724.0,23666.0,60393.0,382889.0
2025-10-24,21343.0,178765.0,24290.0,65301.0,443248.0
2025-10-25,14499.0,205836.0,24917.0,67500.0,479635.0
2025-10-26,24111.0,165970.0,19696.0,57527.0,406508.0
2025-10-27,24426.0,132883.0,20246.0,53131.0,339404.0
2025-10-28,19851.0,152427.0,21883.0,54145.0,341621.0
2025-10-29,19870.0,166271.0,22703.0,56258.0,358613.0
2025-10-30,18497.0,192644.0,26816.0,64908.0,446390.0
2025-10-31,26080.0,186667.0,25199.0,70478.0,515474.0
2025-11-01,16849.0,235808.0,26580.0,76334.0,526649.0
2025-11-02,22748.0,176264.0,18631.0,54835.0,400844.0
2025-11-03,22870.0,139069.0,20707.0,51898.0,334412.0
2025-11-04,19451.0,146738.0,21319.0,51299.0,328777.0
2025-11-05,19259.0,160686.0,22085.0,55003.0,353543.0
2025-11-06,20416.0,181030.0,24779.0,59674.0,382160.0
2025-11-07,21711.0,183311.0,25250.0,64679.0,427233.0
2025-11-08,14266.0,202207.0,24463.0,65356.0,449300.0
2025-11-09,19356.0,169633.0,21010.0,56594.0,393380.0
2025-11-10,24446.0,149827.0,22581.0,56454.0,360041.0
2025-11-11,23281.0,150571.0,23962.0,56506.0,337668.0
2025-11-12,20503.0,162307.0,22992.0,56771.0,356485.0
2025-11-13,19167.0,181261.0,24163.0,61619.0,389401.0
2025-11-14,21084.0,190978.0,26040.0,67916.0,436868.0
2025-11-15,13722.0,214352.0,26135.0,70335.0,477088.0
2025-11-16,21852.0,168232.0,20328.0,59041.0,412179.0
2025-11-17,24360.0,143744.0,22327.0,54837.0,355810.0
2025-11-18,20258.0,156170.0,22715.0,55487.0,351017.0
2025-11-19,18738.0,173129.0,23878.0,58773.0,384244.0
2025-11-20,18941.0,175112.0,23975.0,61739.0,401621.0
2025-11-21,19107.0,178418.0,24768.0,67391.0,457816.0
2025-11-22,14054.0,197835.0,24910.0,69437.0,487847.0
2025-11-23,18066.0,155990.0,20027.0,58811.0,414682.0
2025-11-24,15774.0,121185.0,20155.0,54350.0,355137.0
2025-11-25,13861.0,135895.0,23368.0,62157.0,401510.0
2025-11-26,14269.0,121309.0,19951.0,61476.0,419233.0
2025-11-27,10387.0,96398.0,15477.0,64504.0,439077.0
2025-11-28,16089.0,113467.0,15954.0,51542.0,382789.0
2025-11-29,22838.0,136601.0,17425.0,53288.0,382098.0
2025-11-30,32576.0,132501.0,16798.0,52017.0,361671.0
2025-12-01,32452.0,127918.0,19881.0,53217.0,350471.0
2025-12-02,27916.0,173370.0,26704.0,62554.0,393681.0
2025-12-03,23642.0,162746.0,23654.0,59611.0,379676.0
2025-12-04,21508.0,185465.0,25413.0,65736.0,427181.0
2025-12-05,22465.0,210374.0,29416.0,74050.0,491000.0
2025-12-06,15682.0,221077.0,28613.0,73815.0,494350.0
2025-12-07,23412.0,178847.0,21830.0,61415.0,427233.0
2025-12-08,24217.0,157338.0,24542.0,59951.0,387220.0
2025-12-09,22183.0,175134.0,25080.0,60913.0,382545.0
2025-12-10,21069.0,187854.0,25387.0,61349.0,404105.0
2025-12-11,20278.0,197022.0,26663.0,63783.0,439031.0
2025-12-12,24690.0,214659.0,28746.0,72868.0,503997.0
2025-12-13,15032.0,232059.0,29137.0,77144.0,534317.0
2025-12-14,18332.0,191828.0,24104.0,64106.0,464001.0
2025-12-15,26530.0,154669.0,23998.0,59676.0,417711.0
2025-12-16,18893.0,162507.0,24795.0,59980.0,408853.0
2025-12-17,16609.0,162643.0,24038.0,61493.0,411884.0
2025-12-18,16207.0,160507.0,23921.0,62385.0,430236.0
2025-12-19,15673.0,189046.0,29048.0,74902.0,527106.0
2025-12-20,15290.0,179065.0,23725.0,66700.0,498134.0
2025-12-21,14758.0,144474.0,18666.0,57912.0,434253.0
2025-12-22,12958.0,112167.0,18062.0,53083.0,395560.0
2025-12-23,13249.0,109056.0,19070.0,55362.0,415677.0
2025-12-24,10723.0,94787.0,15957.0,57679.0,436638.0
2025-12-25,10470.0,72300.0,11173.0,47897.0,359720.0
2025-12-26,12146.0,92452.0,14050.0,45678.0,359235.0
2025-12-27,19126.0,107716.0,15219.0,44324.0,342333.0
2025-12-28,25152.0,107557.0,13128.0,44594.0,347141.0
2025-12-29,22722.0,103024.0,15191.0,46653.0,350449.0
2025-12-30,21928.0,113011.0,16523.0,50134.0,381171.0
2025-12-31,17635.0,127948.0,18990.0,64946.0,511359.0
