w,CRZ,MN_NORTH,OUTER,AIRPORT
2,-3.484143442861243,4.0221478533676525,7.221719716874131,1.0421890330317263
3,-9.416963522175948,-4.491165339339198,2.068533577768017,-11.767009501824099
4,-2.3957232182390653,2.2869022869022926,7.699711105860363,12.875967108512132
5,-2.065277941896382,1.009277292220312,6.887354502102339,3.8628975379601638
6,-0.16553875115401517,-0.6421249010665986,5.775386566207241,0.6351247510467894
7,-0.9725827191778169,-0.7304561297868162,7.769524374777537,2.503233784300485
8,0.15896429626260922,1.131252001740024,7.949808131159242,6.198634308520168
9,-10.033994539771307,-4.735840394378499,1.0718849887402904,0.8707651969916519
10,-11.584734835498656,-5.2270752705157575,-1.076411721058168,-1.5384937559770218
11,-5.154163052143956,0.48938157506637214,1.7292143650840863,-4.930534988287871
12,-9.674872831480396,-7.877534572497879,-1.6487966173172164,3.535435411094001
13,-6.669742405394263,-5.7993094889972845,-2.7609690905560536,-1.4455198688947068
14,-7.316706939197859,-4.88092294824013,-3.626574551880779,3.746870535651148
15,2.7901241046362157,0.8818203665764912,4.377834018567661,-4.7604257257630405
16,-11.356277608850473,-8.4210377877325,-4.192664398029078,-8.89267669908187
17,-3.3344309057457444,1.8199183555399179,10.328830320269144,6.324713632896617
18,-9.721009459548856,-2.9482533976242786,5.224323005274778,-2.650344737545618
19,-5.187226427896707,-4.161136864929526,5.7018899194558825,0.21252577742181256
20,-9.085591312610031,-5.2496059346015205,4.737652847457974,1.5620497918697351
21,-3.075069144827147,-2.133650435302903,4.487916922828528,-0.453619886695833
22,-3.905753747046492,-3.4355062692454807,3.7735222676545055,-4.230451474947761
23,-10.883451655157916,-7.367278195191195,0.6345705398150159,-2.1393324737155273
24,-7.315175367298488,-5.064820973009465,4.154374742659939,-4.5804335968561265
25,-10.82523805783212,-8.282083831449738,4.070219452864698,-0.6483507577599523
26,-2.889052050528995,-2.333476958537306,6.5108739338868515,-0.9004511980085006
27,-5.325893077776733,-2.7432011116430566,6.5564717715624665,-4.933177127250743
28,-11.832622393219584,-4.684185098830007,4.130662648827488,-4.865361481618569
29,-6.045451613596786,-4.817901528223145,4.228173737299001,-0.6272026760647531
30,-6.557231109552452,-6.233721772335244,7.62967751607575,-3.9520786597298407
31,-7.9189913672405465,-4.6409061036720605,7.347535456471133,-1.7471751313362316
32,-14.02104533129327,-8.721831188007744,2.348190902923397,-10.880368223106274
33,-4.288406216350871,-2.643002122597049,5.271504506721247,-2.2334431028174118
34,-0.8171653531859446,-0.4155377985070374,4.9123263026188635,-5.972776492717524
35,-7.156060769182327,-2.909055818249495,2.6084429771683126,-4.182787350509887
36,-7.109030880394618,0.4430884667629753,3.8168459446425107,-1.7725057516760234
37,4.569905875733182,-0.1323392260760392,4.1128488666829055,1.8117261471230828
38,0.8099660425090915,0.8940135595489673,4.831340339010337,-3.028964098235243
39,-6.699425101658852,-6.182214985799483,-0.5207006319338903,-1.504300425630134
40,-2.735038790457689,0.7636546885296802,7.263344624531443,-2.0106551188729505
41,4.950209648240134,1.9835615332817191,7.299813510470221,2.8438437825367924
42,0.09605064864310897,3.7453954220968866,7.7265753109194035,-2.0822672453550184
43,-3.1682024283318233,1.2468864504679766,6.699258605734526,-4.024698894781686
44,5.056552997198982,2.936678322431474,12.501690024858725,6.149045652656215
45,3.1249455022339667,-0.714994011035408,8.612868777602877,0.3984384138495667
46,0.9182311741058546,4.59989458066532,9.940197816382756,-6.744220672868395
47,-4.7076317981903815,0.3352546759204822,5.682088840701405,-5.313543757135664
48,-7.485192446933986,-1.2976291697150644,6.7773135574703325,-6.755715005781715
49,-3.498734557309535,2.0896280194660166,9.168506959345347,-3.5797553093259493
50,-1.3562394873615546,2.262099498595349,10.196911587524937,-5.848583863926948
51,-2.214051559988639,-0.8186610850561382,9.507077999774548,1.9860793444457236
