ym,service,cbd,n,n_cbd,share_charged,avg_fee_charged
2025-01,hvfhv,9000331.5,17192901.0,6000216.0,34.899380854923784,1.5000012499550017
2025-01,yellow,1592286.0,2878551.0,2123048.0,73.75405195183271,0.75
2025-02,hvfhv,9731467.5,18529144.0,6487641.0,35.01317168240476,1.500000924835391
2025-02,yellow,1823964.25,3273795.0,2431945.0,74.28519501068332,0.7500022615643035
2025-03,hvfhv,9983373.0,19564232.0,6655580.0,34.01912224308115,1.5000004507495965
2025-03,yellow,2119253.0,3789373.0,2825588.0,74.56610895786717,0.7500219423355422
2025-04,hvfhv,9850593.0,18860817.0,6567059.0,34.81852880498231,1.5000006852382475
2025-04,yellow,2024766.0,3633932.0,2699688.0,74.29109845753855,0.75
2025-05,hvfhv,10248177.0,20111990.0,6832114.0,33.97035300832986,1.5000008782054866
2025-05,yellow,2233622.0,4048068.0,2978162.0,73.56995979316552,0.7500001678887851
2025-06,hvfhv,9458859.0,18920843.0,6305901.0,33.32780151497478,1.5000011893621545
2025-06,yellow,2124965.0,3827160.0,2833286.0,74.03103084271366,0.7500001764735363
2025-07,hvfhv,9348898.5,18708970.0,6232594.0,33.313399935966544,1.5000012033512853
2025-07,yellow,1936646.75,3455160.0,2582188.0,74.73425253823267,0.7500022267937114
2025-08,hvfhv,8876256.0,18168810.0,5917481.0,32.56944731107871,1.500005830183485
2025-08,yellow,1745101.5,3140994.0,2326802.0,74.07852418692936,0.75
2025-09,hvfhv,9839784.0,18478071.0,6559790.0,35.50040477710038,1.500015091946541
2025-09,yellow,2112868.5,3796245.0,2817149.0,74.20883004126446,0.7500023960394001
2025-10,hvfhv,10724356.5,20284044.0,7149567.0,35.247246554976904,1.5000008392116613
2025-10,yellow,2160840.75,3900104.0,2881121.0,73.87292749116433,0.75
2025-11,hvfhv,10092513.0,19843783.0,6728339.0,33.90653384992166,1.5000006688129122
2025-11,yellow,1977305.25,3603168.0,2636407.0,73.16913893551452,0.75
2025-12,hvfhv,9972957.0,21066469.0,6648637.0,31.560281886822136,1.5000002256101514
2025-12,yellow,2174487.0,4005824.0,2899316.0,72.37751833330671,0.75
