yr,pu_grp,AIRPORT,CRZ,CRZ_PARTIAL,MN_NORTH,OUTER
2024,AIRPORT,270505.0,2935626.0,295196.0,657352.0,3472397.0
2024,CRZ,4726958.0,36276729.0,3316364.0,4264981.0,11020496.0
2024,CRZ_PARTIAL,522596.0,3424755.0,1026462.0,1597182.0,1226052.0
2024,MN_NORTH,1106792.0,4130417.0,1703476.0,8771340.0,5422940.0
2024,OUTER,5506441.0,9240905.0,1204773.0,5385668.0,111824840.0
2025,AIRPORT,210595.0,2945129.0,296268.0,635049.0,3393812.0
2025,CRZ,4875569.0,34074437.0,3143727.0,3716534.0,10929197.0
2025,CRZ_PARTIAL,539909.0,3183019.0,1048513.0,1530514.0,1262508.0
2025,MN_NORTH,1097504.0,3623460.0,1645797.0,8806567.0,5512858.0
2025,OUTER,5471405.0,9224224.0,1260515.0,5478774.0,118200931.0
