hr,2024,2025
0,10.158301660703502,10.203507147941226
1,10.80470934070149,10.740720785002868
2,11.353179545510658,11.266877858299988
3,11.946733400064915,11.849995669516568
4,12.507301151196552,12.468278771189901
5,12.983243655318008,12.896837411669894
6,12.146956124889554,12.020471261490753
7,10.376275976460859,10.32809066496815
8,8.667504200790615,8.673444825006998
9,8.161045322853811,8.122243419496122
10,8.095174588991595,8.061483764279156
11,7.747983505972554,7.733786211823975
12,7.530014981232494,7.581568975247924
13,7.496405466610684,7.553995520092186
14,7.411350914016882,7.527766079089505
15,7.28894348856285,7.428758175487393
16,7.2160830866128025,7.36304476683594
17,7.223179858655915,7.358536216778256
18,7.50511657638304,7.625665739943531
19,8.001260584060017,8.126226855549438
20,8.543851971102601,8.700204662695786
21,8.947154635872389,9.044538534503364
22,9.140646234006903,9.197428178965273
23,9.50736019285476,9.61212994043841
