d,CRZ→CRZ,MN bắc→MN bắc,Quận ngoài→Quận ngoài
2024-01,8.908057188922921,11.388951246894317,13.639634305058161
2024-02,8.662992574010943,11.335388944239096,13.568373497202987
2024-03,8.468249580707822,11.283242712462815,13.161750599420484
2024-04,8.381305872985752,11.255309132376285,13.368569655548283
2024-05,8.202418850332153,11.001232281449479,12.839470570584814
2024-06,8.403499812757273,11.323510455933842,13.157037399683123
2024-07,8.672872024391685,11.80767022733944,13.811861013308258
2024-08,8.734324042385202,11.531586326833702,13.695330668019595
2024-09,7.937738320576274,11.093820786322302,12.986638239018815
2024-10,8.045683141435243,11.109874541720284,13.254720904246241
2024-11,8.15781655787597,11.079949804326136,13.224089600012148
2024-12,7.696044338035009,11.146553983340862,13.245981948120146
2025-01,9.149142492350018,11.306033379849305,13.573184779822503
2025-02,8.81978756611171,11.165425751263731,13.338181869990086
2025-03,8.914987767639948,11.291533650203483,13.258705747380365
2025-04,8.63722847001995,11.121362838039753,13.226216309726357
2025-05,8.201650089794922,10.688574381848708,12.804533338612464
2025-06,8.494085143944963,11.093874246068445,13.050245202507238
2025-07,8.585368370216399,11.218738127542435,13.51707524825248
2025-08,8.9532076014671,11.288786570241864,13.62220618700633
2025-09,7.953288741946298,10.864354511595792,12.901262540828094
2025-10,7.978530080069338,10.805922027274807,12.880847850727829
2025-11,7.980174081867808,10.89392658229146,13.106478007036579
2025-12,7.522740663346355,10.848605064947723,12.80407837750029
