ym,HV0003,HV0005
2024-01,73.40075003375136,26.59924996624864
2024-02,74.42926439071282,25.570735609287187
2024-03,73.42556873343898,26.57443126656102
2024-04,74.65903232651047,25.340967673489533
2024-05,75.19021679100649,24.8097832089935
2024-06,75.42367168310172,24.576328316898284
2024-07,74.83563218822538,25.164367811774625
2024-08,73.85966582024453,26.14033417975547
2024-09,76.13163729336881,23.86836270663119
2024-10,75.63368016990759,24.36631983009241
2024-11,75.53328007205954,24.466719927940467
2024-12,75.54473503634551,24.455264963654482
2025-01,75.1716715103935,24.828328489606506
2025-02,74.37060233327563,25.62939766672438
2025-03,70.79216296351424,29.207837036485767
2025-04,72.66683622453894,27.33316377546105
2025-05,71.19204514322054,28.80795485677946
2025-06,71.16661239670981,28.833387603290188
2025-07,71.92613489679015,28.07386510320985
2025-08,70.98634417994354,29.01365582005646
2025-09,72.23563541887029,27.76436458112971
2025-10,72.7271396177212,27.2728603822788
2025-11,71.6557019394941,28.344298060505903
2025-12,72.32901726435503,27.670982735644973
