zone,2024,2025,yoy_pct,Zone,Borough,grp
3,482568.0,510580.0,5.80477777225179,Allerton/Pelham Gardens,Bronx,OUTER
4,727992.0,651129.0,-10.558220420004616,Alphabet City,Manhattan,CRZ
5,67976.0,67797.0,-0.26332823349417556,Arden Heights,Staten Island,OUTER
6,129298.0,140125.0,8.373679407260749,Arrochar/Fort Wadsworth,Staten Island,OUTER
7,2241674.0,2265835.0,1.0778106004708965,Astoria,Queens,OUTER
8,9818.0,9922.0,1.0592788755347415,Astoria Park,Queens,OUTER
9,195999.0,211060.0,7.684222878688152,Auburndale,Queens,OUTER
10,727882.0,765556.0,5.175838940927235,Baisley Park,Queens,OUTER
11,252680.0,275291.0,8.948472376127903,Bath Beach,Brooklyn,OUTER
12,25774.0,23678.0,-8.132226274540233,Battery Park,Manhattan,CRZ
13,1006934.0,983482.0,-2.3290503647706795,Battery Park City,Manhattan,CRZ
14,1237644.0,1316116.0,6.34043392122452,Bay Ridge,Brooklyn,OUTER
15,156193.0,167334.0,7.132842060783773,Bay Terrace/Fort Totten,Queens,OUTER
16,420848.0,457283.0,8.657520054746604,Bayside,Queens,OUTER
17,1949003.0,1929989.0,-0.9755757174309099,Bedford,Brooklyn,OUTER
18,1028640.0,1098269.0,6.769034842121635,Bedford Park,Bronx,OUTER
19,160032.0,171237.0,7.001724655068986,Bellerose,Queens,OUTER
20,658456.0,690163.0,4.815355923554487,Belmont,Bronx,OUTER
21,581590.0,640262.0,10.088206468474347,Bensonhurst East,Brooklyn,OUTER
22,769629.0,850271.0,10.478035521010764,Bensonhurst West,Brooklyn,OUTER
23,345990.0,370959.0,7.216682563079857,Bloomfield/Emerson Hill,Staten Island,OUTER
24,327879.0,309287.0,-5.670384501599679,Bloomingdale,Manhattan,MN_NORTH
25,1374255.0,1388292.0,1.0214261545346437,Boerum Hill,Brooklyn,OUTER
26,1150659.0,1202250.0,4.483604612661085,Borough Park,Brooklyn,OUTER
27,17929.0,18034.0,0.5856433710747844,Breezy Point/Fort Tilden/Riis Beach,Queens,OUTER
28,556149.0,592553.0,6.545727853506889,Briarwood/Jamaica Hills,Queens,OUTER
29,435589.0,493067.0,13.195466368526287,Brighton Beach,Brooklyn,OUTER
30,13847.0,13846.0,-0.007221780891164542,Broad Channel,Queens,OUTER
31,96317.0,98891.0,2.6724254285328763,Bronx Park,Bronx,OUTER
32,536936.0,562337.0,4.73073140932998,Bronxdale,Bronx,OUTER
33,1118046.0,1126875.0,0.7896812832387967,Brooklyn Heights,Brooklyn,OUTER
34,220808.0,203638.0,-7.775986377305166,Brooklyn Navy Yard,Brooklyn,OUTER
35,1406583.0,1433929.0,1.9441440711283953,Brownsville,Brooklyn,OUTER
36,1877459.0,1907291.0,1.5889561369915484,Bushwick North,Brooklyn,OUTER
37,2533569.0,2624188.0,3.5767330591746305,Bushwick South,Brooklyn,OUTER
38,232400.0,255545.0,9.959122203098115,Cambria Heights,Queens,OUTER
39,1705336.0,1780901.0,4.431091585470548,Canarsie,Brooklyn,OUTER
40,546140.0,571070.0,4.56476361372542,Carroll Gardens,Brooklyn,OUTER
41,1525968.0,1526044.0,0.0049804451993651355,Central Harlem,Manhattan,MN_NORTH
42,2094033.0,2079203.0,-0.7082027838147709,Central Harlem North,Manhattan,MN_NORTH
43,344714.0,340396.0,-1.2526326171841018,Central Park,Manhattan,CRZ_PARTIAL
44,90563.0,102913.0,13.636915738215393,Charleston/Tottenville,Staten Island,OUTER
45,584379.0,572482.0,-2.0358363322432904,Chinatown,Manhattan,CRZ
46,39762.0,43731.0,9.981892258940706,City Island,Bronx,OUTER
47,752846.0,783972.0,4.13444449462439,Claremont/Bathgate,Bronx,OUTER
48,2174784.0,2062388.0,-5.168145434213233,Clinton East,Manhattan,CRZ
49,1435208.0,1441887.0,0.4653680860195797,Clinton Hill,Brooklyn,OUTER
50,1302630.0,1194655.0,-8.288999946262566,Clinton West,Manhattan,CRZ
51,814938.0,852129.0,4.563660057574936,Co-Op City,Bronx,OUTER
52,366288.0,367805.0,0.41415498187218347,Cobble Hill,Brooklyn,OUTER
53,336308.0,364351.0,8.338487338986877,College Point,Queens,OUTER
54,134664.0,140673.0,4.462217073605412,Columbia Street,Brooklyn,OUTER
55,616778.0,666523.0,8.065300643019047,Coney Island,Brooklyn,OUTER
56,681409.0,743200.0,9.06812208233234,Corona,Queens,OUTER
57,49342.0,57906.0,17.3564103603421,Corona,Queens,OUTER
58,72779.0,76341.0,4.894268951208458,Country Club,Bronx,OUTER
59,26049.0,28682.0,10.107873622787821,Crotona Park,Bronx,OUTER
60,507928.0,539281.0,6.172725268148249,Crotona Park East,Bronx,OUTER
61,3081155.0,3099027.0,0.580042224425581,Crown Heights North,Brooklyn,OUTER
62,850071.0,875488.0,2.9899855423840993,Crown Heights South,Brooklyn,OUTER
63,731381.0,759581.0,3.8557195223829943,Cypress Hills,Brooklyn,OUTER
64,125444.0,135758.0,8.221995472083155,Douglaston,Queens,OUTER
65,1134180.0,1116883.0,-1.5250665679169106,Downtown Brooklyn/MetroTech,Brooklyn,OUTER
66,866787.0,896316.0,3.4067192978205707,DUMBO/Vinegar Hill,Brooklyn,OUTER
67,412861.0,443367.0,7.388927508289722,Dyker Heights,Brooklyn,OUTER
68,2483098.0,2309939.0,-6.973506482627744,East Chelsea,Manhattan,CRZ
69,1148592.0,1205576.0,4.961204674941144,East Concourse/Concourse Village,Bronx,OUTER
70,549552.0,577032.0,5.000436719364143,East Elmhurst,Queens,OUTER
71,1018186.0,1024370.0,0.6073546483648329,East Flatbush/Farragut,Brooklyn,OUTER
72,1180075.0,1191468.0,0.9654471114124208,East Flatbush/Remsen Village,Brooklyn,OUTER
73,231661.0,247694.0,6.920888712385764,East Flushing,Queens,OUTER
74,1645784.0,1628891.0,-1.0264408938232439,East Harlem North,Manhattan,MN_NORTH
75,1503242.0,1437246.0,-4.390244551442812,East Harlem South,Manhattan,MN_NORTH
76,2513409.0,2658972.0,5.791456941548301,East New York,Brooklyn,OUTER
77,682696.0,693826.0,1.6303010417521024,East New York/Pennsylvania Avenue,Brooklyn,OUTER
78,991489.0,1037926.0,4.6835617944324115,East Tremont,Bronx,OUTER
79,3030852.0,2732672.0,-9.838157719347562,East Village,Manhattan,CRZ
80,1881042.0,1854814.0,-1.3943335661830036,East Williamsburg,Brooklyn,OUTER
81,556226.0,593526.0,6.705907311057024,Eastchester,Bronx,OUTER
82,1619245.0,1764276.0,8.956705131095056,Elmhurst,Queens,OUTER
83,516314.0,583114.0,12.937863393206461,Elmhurst/Maspeth,Queens,OUTER
84,103272.0,112475.0,8.911418390270365,Eltingville/Annadale/Prince's Bay,Staten Island,OUTER
85,734834.0,758075.0,3.1627551256474318,Erasmus,Brooklyn,OUTER
86,392401.0,434226.0,10.658739401785411,Far Rockaway,Queens,OUTER
87,1404049.0,1387655.0,-1.1676230672861165,Financial District North,Manhattan,CRZ
88,579477.0,570263.0,-1.5900544801605632,Financial District South,Manhattan,CRZ
89,1847231.0,1910921.0,3.4478633154164218,Flatbush/Ditmas Park,Brooklyn,OUTER
90,1548450.0,1462142.0,-5.57383189641254,Flatiron,Manhattan,CRZ
91,1144593.0,1175178.0,2.6721288702621804,Flatlands,Brooklyn,OUTER
92,1169819.0,1283211.0,9.693123466108865,Flushing,Queens,OUTER
93,175828.0,178324.0,1.4195691243715558,Flushing Meadows-Corona Park,Queens,OUTER
94,472566.0,486804.0,3.012912482065988,Fordham South,Bronx,OUTER
95,1540420.0,1661116.0,7.835265706755301,Forest Hills,Queens,OUTER
96,34683.0,36161.0,4.261453738142595,Forest Park/Highland Park,Queens,OUTER
97,1540178.0,1576948.0,2.387386393001334,Fort Greene,Brooklyn,OUTER
98,200207.0,217844.0,8.809382289330546,Fresh Meadows,Queens,OUTER
99,5003.0,5904.0,18.00919448331002,Freshkills Park,Staten Island,OUTER
100,1222273.0,1140857.0,-6.661032355292152,Garment District,Manhattan,CRZ
101,138620.0,154596.0,11.525032462848085,Glen Oaks,Queens,OUTER
102,551566.0,580252.0,5.200828187379214,Glendale,Queens,OUTER
106,470755.0,523545.0,11.213901073806976,Gowanus,Brooklyn,OUTER
107,1808416.0,1644528.0,-9.062516589103398,Gramercy,Manhattan,CRZ
108,318583.0,350518.0,10.024075358697736,Gravesend,Brooklyn,OUTER
109,153899.0,169774.0,10.315206726489446,Great Kills,Staten Island,OUTER
111,8818.0,8888.0,0.7938308006350647,Green-Wood Cemetery,Brooklyn,OUTER
112,2235498.0,2343888.0,4.848584073884199,Greenpoint,Brooklyn,OUTER
113,1409770.0,1294585.0,-8.17048170978245,Greenwich Village North,Manhattan,CRZ
114,1456293.0,1326422.0,-8.917916930178194,Greenwich Village South,Manhattan,CRZ
115,189331.0,203266.0,7.3601259170447575,Grymes Hill/Clifton,Staten Island,OUTER
116,1047637.0,1049468.0,0.17477427773169296,Hamilton Heights,Manhattan,MN_NORTH
117,338204.0,366113.0,8.252120022235099,Hammels/Arverne,Queens,OUTER
118,234779.0,245369.0,4.510624885530645,Heartland Village/Todt Hill,Staten Island,OUTER
119,755313.0,782091.0,3.54528519964572,Highbridge,Bronx,OUTER
120,23388.0,21478.0,-8.166581152727892,Highbridge Park,Manhattan,MN_NORTH
121,495916.0,528095.0,6.488800522669158,Hillcrest/Pomonok,Queens,OUTER
122,250650.0,276785.0,10.426890085776975,Hollis,Queens,OUTER
123,644204.0,708176.0,9.930394719685065,Homecrest,Brooklyn,OUTER
124,340977.0,359359.0,5.39097945022684,Howard Beach,Queens,OUTER
125,799646.0,798923.0,-0.09041500864132024,Hudson Sq,Manhattan,CRZ
126,707838.0,733851.0,3.674993430700235,Hunts Point,Bronx,OUTER
127,798267.0,836597.0,4.801651577730248,Inwood,Manhattan,MN_NORTH
128,63193.0,67663.0,7.073568274967168,Inwood Hill Park,Manhattan,MN_NORTH
129,1793549.0,1862278.0,3.832011280427805,Jackson Heights,Queens,OUTER
130,1689287.0,1854292.0,9.767730409338382,Jamaica,Queens,OUTER
131,337279.0,361602.0,7.2115370361036435,Jamaica Estates,Queens,OUTER
132,3448058.0,3198765.0,-7.229953788480358,JFK Airport,Queens,AIRPORT
133,443729.0,451940.0,1.8504537679529642,Kensington,Brooklyn,OUTER
134,505943.0,551820.0,9.067622242031215,Kew Gardens,Queens,OUTER
135,396965.0,417956.0,5.287871726726534,Kew Gardens Hills,Queens,OUTER
136,576291.0,605867.0,5.132129427667609,Kingsbridge Heights,Bronx,OUTER
137,1270482.0,1174176.0,-7.580272683910517,Kips Bay,Manhattan,CRZ
138,4097313.0,4202804.0,2.57463854970319,LaGuardia Airport,Queens,AIRPORT
139,379147.0,415166.0,9.500009231248029,Laurelton,Queens,OUTER
140,1340591.0,1280235.0,-4.50219343558177,Lenox Hill East,Manhattan,CRZ_PARTIAL
141,1492209.0,1443840.0,-3.241436018681032,Lenox Hill West,Manhattan,CRZ_PARTIAL
142,1562852.0,1459373.0,-6.621164384087552,Lincoln Square East,Manhattan,CRZ_PARTIAL
143,1159140.0,1103944.0,-4.761806166640781,Lincoln Square West,Manhattan,CRZ_PARTIAL
144,1663524.0,1547927.0,-6.948922888999498,Little Italy/NoLiTa,Manhattan,CRZ
145,1917425.0,2043191.0,6.5591092220034675,Long Island City/Hunters Point,Queens,OUTER
146,580555.0,606252.0,4.426281747638039,Long Island City/Queens Plaza,Queens,OUTER
147,474420.0,495422.0,4.42687913662998,Longwood,Bronx,OUTER
148,2380178.0,2274134.0,-4.455297040809558,Lower East Side,Manhattan,CRZ
149,542036.0,586351.0,8.175656229475535,Madison,Brooklyn,OUTER
150,243512.0,255899.0,5.086812970202703,Manhattan Beach,Brooklyn,OUTER
151,691284.0,641769.0,-7.162757998159941,Manhattan Valley,Manhattan,MN_NORTH
152,521573.0,506935.0,-2.806510306323373,Manhattanville,Manhattan,MN_NORTH
153,214250.0,217280.0,1.4142357059509836,Marble Hill,Manhattan,MN_NORTH
154,24931.0,21455.0,-13.942481248245153,Marine Park/Floyd Bennett Field,Brooklyn,OUTER
155,644686.0,663148.0,2.863719702304679,Marine Park/Mill Basin,Brooklyn,OUTER
156,306361.0,334653.0,9.234856917166345,Mariners Harbor,Staten Island,OUTER
157,743881.0,795132.0,6.889677246763926,Maspeth,Queens,OUTER
158,1363345.0,1280510.0,-6.075864876461933,Meatpacking/West Village West,Manhattan,CRZ
159,1027883.0,1074967.0,4.580676983664489,Melrose South,Bronx,OUTER
160,503398.0,539959.0,7.262841727619107,Middle Village,Queens,OUTER
161,2561437.0,2552181.0,-0.361359658660354,Midtown Center,Manhattan,CRZ
162,1753307.0,1745156.0,-0.46489291379091524,Midtown East,Manhattan,CRZ
163,1834790.0,1810076.0,-1.3469661378141318,Midtown North,Manhattan,CRZ
164,2336283.0,2217758.0,-5.073229570219018,Midtown South,Manhattan,CRZ
165,682028.0,723575.0,6.091685385350742,Midwood,Brooklyn,OUTER
166,995632.0,955863.0,-3.994347309045909,Morningside Heights,Manhattan,MN_NORTH
167,847459.0,882773.0,4.167045249386692,Morrisania/Melrose,Bronx,OUTER
168,1409767.0,1533793.0,8.797624004534077,Mott Haven/Port Morris,Bronx,OUTER
169,1061717.0,1095040.0,3.1385953130636413,Mount Hope,Bronx,OUTER
170,2054007.0,1960270.0,-4.563616384949032,Murray Hill,Manhattan,CRZ
171,435287.0,475016.0,9.127081672551673,Murray Hill-Queens,Queens,OUTER
172,140218.0,156778.0,11.81018128913549,New Dorp/Midland Beach,Staten Island,OUTER
173,548349.0,609261.0,11.108254049884291,North Corona,Queens,OUTER
174,890351.0,943110.0,5.925640561980616,Norwood,Bronx,OUTER
175,166001.0,174346.0,5.027078150131636,Oakland Gardens,Queens,OUTER
176,77243.0,84714.0,9.672073844879137,Oakwood,Staten Island,OUTER
177,994656.0,1008716.0,1.4135540327510299,Ocean Hill,Brooklyn,OUTER
178,228469.0,237779.0,4.074951087456058,Ocean Parkway South,Brooklyn,OUTER
179,811317.0,850762.0,4.861848081576015,Old Astoria,Queens,OUTER
180,386116.0,409671.0,6.100498295848911,Ozone Park,Queens,OUTER
181,2259099.0,2297640.0,1.706034131306322,Park Slope,Brooklyn,OUTER
182,587041.0,621097.0,5.801298376092978,Parkchester,Bronx,OUTER
183,282233.0,297442.0,5.388809954895413,Pelham Bay,Bronx,OUTER
184,51756.0,56951.0,10.03748357678338,Pelham Bay Park,Bronx,OUTER
185,697665.0,731899.0,4.906939577017622,Pelham Parkway,Bronx,OUTER
186,1391014.0,1342127.0,-3.514486554412821,Penn Station/Madison Sq West,Manhattan,CRZ
187,164814.0,180488.0,9.510114432026405,Port Richmond,Staten Island,OUTER
188,1765923.0,1813598.0,2.699721335528227,Prospect-Lefferts Gardens,Brooklyn,OUTER
189,859881.0,872838.0,1.5068364110847998,Prospect Heights,Brooklyn,OUTER
190,143151.0,143314.0,0.11386577809446852,Prospect Park,Brooklyn,OUTER
191,571711.0,616953.0,7.9134387828815544,Queens Village,Queens,OUTER
192,294367.0,315516.0,7.184568922467527,Queensboro Hill,Queens,OUTER
193,340589.0,404552.0,18.78011327435707,Queensbridge/Ravenswood,Queens,OUTER
194,39882.0,50222.0,25.92648312521939,Randalls Island,Manhattan,MN_NORTH
195,436982.0,476530.0,9.050258363044694,Red Hook,Brooklyn,OUTER
196,579004.0,633081.0,9.339659138796975,Rego Park,Queens,OUTER
197,996603.0,1041661.0,4.521158374999867,Richmond Hill,Queens,OUTER
198,1436607.0,1527855.0,6.351632701218923,Ridgewood,Queens,OUTER
200,410910.0,442443.0,7.673943199240707,Riverdale/North Riverdale/Fieldston,Bronx,OUTER
201,156767.0,167114.0,6.6002411221749435,Rockaway Park,Queens,OUTER
202,161180.0,158478.0,-1.6763866484675538,Roosevelt Island,Manhattan,MN_NORTH
203,336139.0,356424.0,6.034705880602975,Rosedale,Queens,OUTER
204,58082.0,62927.0,8.34165490169072,Rossville/Woodrow,Staten Island,OUTER
205,891526.0,949173.0,6.466104185407939,Saint Albans,Queens,OUTER
206,476980.0,503213.0,5.499811312843317,Saint George/New Brighton,Staten Island,OUTER
207,42788.0,42694.0,-0.21968776292418113,Saint Michaels Cemetery/Woodside,Queens,OUTER
208,719348.0,755526.0,5.029276511507641,Schuylerville/Edgewater Park,Bronx,OUTER
209,528412.0,494058.0,-6.501366358069083,Seaport,Manhattan,CRZ
210,712129.0,770954.0,8.260441577298504,Sheepshead Bay,Brooklyn,OUTER
211,1304355.0,1253354.0,-3.9100551613632795,SoHo,Manhattan,CRZ
212,593028.0,636811.0,7.382956622621539,Soundview/Bruckner,Bronx,OUTER
213,1078619.0,1148531.0,6.481621406631999,Soundview/Castle Hill,Bronx,OUTER
214,190136.0,205658.0,8.163630243615106,South Beach/Dongan Hills,Staten Island,OUTER
215,706344.0,732797.0,3.745059064705014,South Jamaica,Queens,OUTER
216,1491428.0,1562161.0,4.7426359167187515,South Ozone Park,Queens,OUTER
217,387079.0,411809.0,6.388876689254652,South Williamsburg,Brooklyn,OUTER
218,461541.0,473370.0,2.5629359038525257,Springfield Gardens North,Queens,OUTER
219,382097.0,400000.0,4.685459451395846,Springfield Gardens South,Queens,OUTER
220,741698.0,805544.0,8.608085770758445,Spuyten Duyvil/Kingsbridge,Bronx,OUTER
221,322995.0,347853.0,7.696094366785866,Stapleton,Staten Island,OUTER
222,281245.0,299578.0,6.51851588472685,Starrett City,Brooklyn,OUTER
223,1126250.0,1174495.0,4.283684794672582,Steinway,Queens,OUTER
224,514720.0,460766.0,-10.482203916692567,Stuy Town/Peter Cooper Village,Manhattan,CRZ
225,1878127.0,1892007.0,0.7390341547722779,Stuyvesant Heights,Brooklyn,OUTER
226,1399547.0,1477290.0,5.554868825412784,Sunnyside,Queens,OUTER
227,552990.0,601098.0,8.699614821244506,Sunset Park East,Brooklyn,OUTER
228,1132281.0,1221931.0,7.917645884722968,Sunset Park West,Brooklyn,OUTER
229,1351305.0,1263663.0,-6.4857304605547945,Sutton Place/Turtle Bay North,Manhattan,CRZ
230,2651928.0,2577211.0,-2.817459599204808,Times Sq/Theatre District,Manhattan,CRZ
231,2564273.0,2482250.0,-3.1986843834490353,TriBeCa/Civic Center,Manhattan,CRZ
232,1043643.0,970830.0,-6.976811035957697,Two Bridges/Seward Park,Manhattan,CRZ
233,1293317.0,1215359.0,-6.027756536100581,UN/Turtle Bay South,Manhattan,CRZ
234,2351865.0,2342105.0,-0.4149898059625068,Union Sq,Manhattan,CRZ
235,942476.0,984731.0,4.483403290906085,University Heights/Morris Heights,Bronx,OUTER
236,1654445.0,1580698.0,-4.457506898083652,Upper East Side North,Manhattan,MN_NORTH
237,1830922.0,1865093.0,1.866327456876915,Upper East Side South,Manhattan,CRZ_PARTIAL
238,1182791.0,1114721.0,-5.755031954081491,Upper West Side North,Manhattan,MN_NORTH
239,1453044.0,1350246.0,-7.074665323279961,Upper West Side South,Manhattan,MN_NORTH
240,113453.0,120544.0,6.250165266674301,Van Cortlandt Park,Bronx,OUTER
241,819533.0,856420.0,4.50097799600504,Van Cortlandt Village,Bronx,OUTER
242,874534.0,921393.0,5.358167892843513,Van Nest/Morris Park,Bronx,OUTER
243,1202864.0,1233426.0,2.540769363785089,Washington Heights North,Manhattan,MN_NORTH
244,1705807.0,1714027.0,0.48188335491647916,Washington Heights South,Manhattan,MN_NORTH
245,179196.0,191371.0,6.794236478492821,West Brighton,Staten Island,OUTER
246,2398203.0,2312145.0,-3.5884368420855073,West Chelsea/Hudson Yards,Manhattan,CRZ
247,1140913.0,1208139.0,5.892298536347651,West Concourse,Bronx,OUTER
248,545245.0,577781.0,5.967225742556104,West Farms/Bronx River,Bronx,OUTER
249,2116222.0,1941752.0,-8.2444091404399,West Village,Manhattan,CRZ
250,535725.0,578134.0,7.916188342899799,Westchester Village/Unionport,Bronx,OUTER
251,177729.0,193970.0,9.138069757889822,Westerleigh,Staten Island,OUTER
252,282428.0,310268.0,9.857379579928338,Whitestone,Queens,OUTER
253,8482.0,8524.0,0.49516623437868557,Willets Point,Queens,OUTER
254,1006648.0,1069355.0,6.229287695400965,Williamsbridge/Olinville,Bronx,OUTER
255,2377507.0,2371926.0,-0.23474168530313033,Williamsburg (North Side),Brooklyn,OUTER
256,1958356.0,1983117.0,1.2643768548721512,Williamsburg (South Side),Brooklyn,OUTER
257,343394.0,366783.0,6.8111265776338525,Windsor Terrace,Brooklyn,OUTER
258,743424.0,769937.0,3.566336303374662,Woodhaven,Queens,OUTER
259,576588.0,626023.0,8.573712945812261,Woodlawn/Wakefield,Bronx,OUTER
260,1011081.0,1086090.0,7.418693457794179,Woodside,Queens,OUTER
261,833880.0,825723.0,-0.9781983019139462,World Trade Center,Manhattan,CRZ
262,843314.0,788631.0,-6.484298849538838,Yorkville East,Manhattan,MN_NORTH
263,1243921.0,1195944.0,-3.8569169585528362,Yorkville West,Manhattan,MN_NORTH
