yr,vendor,pu_grp,n
2024,1,AIRPORT,567974
2024,1,CRZ,5456822
2024,1,CRZ_PARTIAL,1511255
2024,1,MN_NORTH,1588554
2024,1,OUTER,522553
2024,1,UNKNOWN,68760
2024,2,AIRPORT,2723454
2024,2,CRZ,18568906
2024,2,CRZ_PARTIAL,4560710
2024,2,MN_NORTH,4715167
2024,2,OUTER,807040
2024,2,UNKNOWN,76191
2024,6,CRZ,238
2024,6,CRZ_PARTIAL,58
2024,6,MN_NORTH,102
2024,6,OUTER,423
2024,6,UNKNOWN,1248
2024,7,CRZ,110
2024,7,CRZ_PARTIAL,63
2024,7,MN_NORTH,55
2024,7,UNKNOWN,2
2025,1,AIRPORT,481443
2025,1,CRZ,5085712
2025,1,CRZ_PARTIAL,1419849
2025,1,MN_NORTH,1605129
2025,1,OUTER,950009
2025,1,UNKNOWN,44731
2025,2,AIRPORT,2850103
2025,2,CRZ,22276852
2025,2,CRZ_PARTIAL,5117677
2025,2,MN_NORTH,5800251
2025,2,OUTER,2472844
2025,2,UNKNOWN,58095
2025,6,AIRPORT,6
2025,6,CRZ,6279
2025,6,CRZ_PARTIAL,1633
2025,6,MN_NORTH,3365
2025,6,OUTER,12688
2025,6,UNKNOWN,11
2025,7,AIRPORT,28292
2025,7,CRZ,302434
2025,7,CRZ_PARTIAL,102648
2025,7,MN_NORTH,98363
2025,7,OUTER,3958
2025,7,UNKNOWN,206
