d,hvfhv,yellow
2024-01-07,84.33360047368123,73.34897476474652
2024-01-14,99.13020079910592,84.25803270476568
2024-01-21,111.61891502981416,84.7147987385969
2024-01-28,106.90122801567416,90.36564709999453
2024-02-04,103.46756299610851,90.03331043400009
2024-02-11,106.5131307740304,93.03739088605948
2024-02-18,106.42204494526477,91.15767490249989
2024-02-25,102.89746875815835,91.39190812477491
2024-03-03,105.94390984220455,96.75587141566278
2024-03-10,109.7888147157082,102.36104317367729
2024-03-17,99.46293043246838,105.43015090838557
2024-03-24,104.98405908097442,104.51999395919972
2024-03-31,97.8625096290562,103.48878276065368
2024-04-07,107.01501980367188,111.06704878007999
2024-04-14,99.85294894758565,107.77675828120614
2024-04-21,102.76245563133988,105.25059460543122
2024-04-28,98.39793361387123,94.13385437515285
2024-05-05,105.61414944966474,107.22368886684302
2024-05-12,105.02449315453002,108.40408030205413
2024-05-19,109.28351979218192,114.12670618305381
2024-05-26,94.28370113163007,94.93825761207236
2024-06-02,93.2144251130238,94.84375429472797
2024-06-09,102.60499853712662,109.84143075728261
2024-06-16,100.67551598607409,104.96888471658556
2024-06-23,100.05730258067437,102.8614607398057
2024-06-30,98.722017516603,106.07997371907747
2024-07-07,77.74974560250125,67.44566754130031
2024-07-14,100.23598101370841,95.59438064392054
2024-07-21,101.54585286956235,102.76448233557846
2024-07-28,97.11775416624386,94.37618788177168
2024-08-04,99.30049549334655,95.03748609528397
2024-08-11,97.71579420017197,91.79624731826983
2024-08-18,86.94356315679683,83.5033562134012
2024-08-25,84.0961485384811,80.24906697827761
2024-09-01,85.98379972617914,82.32273977029165
2024-09-08,99.74736623715644,101.02269619376199
2024-09-15,98.08939456015217,109.3432632701386
2024-09-22,98.93571552522188,113.73676749505898
2024-09-29,100.27327118521647,108.36537894352263
2024-10-06,94.612675548658,96.22687784643264
2024-10-13,98.76585748404341,108.07331869134877
2024-10-20,101.46830328572354,112.21998925168153
2024-10-27,104.6025989658754,111.8097998528272
2024-11-03,103.32416613049666,111.3964603433947
2024-11-10,100.15389023802317,102.65782859171837
2024-11-17,105.36001736749026,113.4525825193305
2024-11-24,108.17747758574214,113.90687346627888
2024-12-01,80.93128714397835,83.05694054289819
2024-12-08,114.00766927164179,116.10700069721564
2024-12-15,120.03907068858271,125.08279077384672
2024-12-22,102.96410201544326,113.07974443161703
2024-12-29,65.35674572301751,68.34097396918919
2025-01-05,79.74830666798678,74.47468928063697
2025-01-12,95.67636240806868,90.46240049632331
2025-01-19,101.10780251760798,105.15856637496968
2025-01-26,104.34017047551998,102.34529262078655
2025-02-02,101.33067024053213,106.4514617594003
2025-02-09,106.33681026753202,107.97274016074654
2025-02-16,105.38700252673148,113.05454354699187
2025-02-23,103.06103899524177,104.9049824734289
2025-03-02,95.3135037134175,110.74326241422622
2025-03-09,97.07007165185647,110.84586601591442
2025-03-16,94.33644882153845,113.56778656333128
2025-03-23,94.8269848715639,112.83516084601382
2025-03-30,91.335332325344,113.80269480930163
2025-04-06,99.18504442371265,110.61433288842066
2025-04-13,102.63897014536232,112.20243863560329
2025-04-20,91.09246589217312,103.96827459222723
2025-04-27,95.11692250483512,113.61143809562846
2025-05-04,95.34738799104076,114.3301133232427
2025-05-11,99.57663488985366,121.00767272521757
2025-05-18,99.35446581182896,123.43280785459336
2025-05-25,91.38441212953026,104.71665086243543
2025-06-01,89.57369921138401,105.91684299270918
2025-06-08,91.43803312556295,117.98446660179087
2025-06-15,93.31092543976015,115.25039562785831
2025-06-22,89.22586138207097,112.93731443190514
2025-06-29,95.86988704521599,117.37739529180237
2025-07-06,73.60887728346862,82.68342743148939
2025-07-13,88.37543587821702,101.95220382221359
2025-07-20,95.40694746871877,111.37125945876953
2025-07-27,90.74951857715622,105.5473800234723
2025-08-03,91.43689782760134,104.82937981955338
2025-08-10,84.01501839953262,94.33951159432613
2025-08-17,83.21506998966382,96.04664651978298
2025-08-24,83.40894394926084,87.9321866783765
2025-08-31,79.83074676612173,87.06590626938625
2025-09-07,92.65629516897668,106.2462545560239
2025-09-14,102.57198756562767,123.32772916602235
2025-09-21,99.73706122488957,120.54708155711289
2025-09-28,93.55553848517964,112.40764583897969
2025-10-05,92.02498217171232,106.17627709960938
2025-10-12,103.65497449038563,118.4142316878094
2025-10-19,101.56576424919663,115.72606232515838
2025-10-26,101.28857688534035,109.50549396491316
2025-11-02,108.54880734979912,113.58533717940954
2025-11-09,103.28364472632863,111.3307580370505
2025-11-16,106.32746589200188,111.0533232982752
2025-11-23,103.08488025243547,117.20818935217623
2025-11-30,74.87342455147082,81.98972808060189
2025-12-07,110.01884354885169,127.4404235336908
2025-12-14,118.41105341164229,139.43694464686578
2025-12-21,100.68442370854204,126.29963348860495
2025-12-28,60.78516282347473,72.59249821019453
2026-01-04,30.040246055884122,34.632990719836
