hbin,outcome,coef,se,p,ci_low,ci_high,n_obs,pre_mean
00–05,ln_n,-0.11330590786710934,0.011259649136486026,4.7344973363485263e-20,-0.13548816940844913,-0.09112364632576957,5688,9.687372455035037
00–05,mph,0.3393368949767616,0.05161766557868273,3.1116407771375314e-10,0.2376466429857401,0.4410271469677831,5688,18.518085730136594
00–05,wait,-0.4131448844915387,0.0336159954742801,3.664461757573798e-27,-0.4793706429094152,-0.34691912607366215,5688,4.809232734140611
00–05,fare_pm,0.3047038870511515,0.023605131505471208,3.3825154681062206e-29,0.2582001999091297,0.3512075741931733,5688,4.992891162569669
06–09,ln_n,-0.07144041707742436,0.007218740903839902,1.5404698735521037e-19,-0.08566181925320458,-0.05721901490164415,5688,9.612942248595749
06–09,mph,0.06686016377762122,0.03598312274401667,0.06440040110971519,-0.004028993611435064,0.13774932116667749,5688,15.060866964612257
06–09,wait,-0.33625059770859284,0.018586087641088683,1.768700294501814e-46,-0.37286643289913407,-0.2996347625180516,5688,4.149782553675732
06–09,fare_pm,0.2830510818465169,0.023634337580271784,3.8839393204630683e-26,0.2364898567846213,0.3296123069084125,5688,6.008474992068599
10–15,ln_n,-0.09326144242236332,0.005989286915795946,4.383932810554664e-38,-0.10506073804888516,-0.08146214679584149,5688,10.331558095890973
10–15,mph,0.4270922306167897,0.029459976083001403,1.7322026767042286e-34,0.36905410824251683,0.48513035299106255,5688,11.83121532942387
10–15,wait,-0.2683035706079388,0.02014408198416085,1.4723729346502881e-30,-0.30798875881108556,-0.22861838240479204,5688,3.972987524427324
10–15,fare_pm,0.2975836523903404,0.027938319695800417,6.906740007095652e-22,0.24254329482630183,0.352624009954379,5688,6.831498300427557
16–19,ln_n,-0.09774287885348441,0.00677760004471303,3.1085652897677445e-34,-0.11109520404515023,-0.0843905536618186,5688,10.246283543420002
16–19,mph,0.4893568065950964,0.024517819198320332,1.3870468254465312e-52,0.4410550636821592,0.5376585495080336,5688,10.58997278860717
16–19,wait,-0.4292945527502573,0.0253457045373249,1.1911037568727248e-42,-0.47922728512773577,-0.3793618203727788,5688,4.696805118704966
16–19,fare_pm,0.2647165194107106,0.029661155850986814,1.2767689782390476e-16,0.20628205944401512,0.3231509793774061,5688,7.5068569218082315
20–23,ln_n,-0.11184383650383421,0.008006977967413436,1.015842663718497e-32,-0.12761811839094642,-0.09606955461672201,5688,10.258491654796126
20–23,mph,0.5134103013939803,0.027817656312160665,1.1103400857774947e-47,0.45860765876243337,0.5682129440255271,5688,12.952684829468163
20–23,wait,-0.49625336542916976,0.021670093822646057,6.818613792373884e-62,-0.5389448989727561,-0.4535618318855834,5688,4.733203353681969
20–23,fare_pm,0.2848802021067939,0.02989825724639706,2.0351387910751646e-18,0.22597863654017664,0.3437817676734111,5688,6.413690536667224
