term,coef,se,t,p,ci_low,ci_high,k,coef_c,se_c,ci_low_c,ci_high_c,pretrend_p
ev_m12,0.12019582108653026,0.008025574040009446,14.976601111313004,4.306956438608711e-36,0.1043849036931988,0.13600673847986172,-12,0.03621464903323866,0.005812223574635888,0.02476418002603559,0.04766511804044174,4.085951661636552e-89
ev_m11,0.1276219647608529,0.008377452489917126,15.233982516099642,5.915756232142153e-37,0.11111782329703773,0.1441261062246681,-11,0.04364079270756133,0.005503259701223673,0.03279900318617339,0.054482582228949264,4.085951661636552e-89
ev_m10,0.07995279683333462,0.007881637432564741,10.144186092980098,2.6561037640685363e-20,0.0644254441792778,0.09548014948739143,-10,-0.00402837521995697,0.0044183430033335434,-0.012732806316455639,0.004676055876541699,4.085951661636552e-89
ev_m9,0.10578528644147736,0.008230614977404325,12.852658851360665,5.168144068512251e-29,0.08957042469385547,0.12200014818909925,-9,0.021804114388185775,0.004422228187311211,0.013092029219514502,0.030516199556857047,4.085951661636552e-89
ev_m8,0.09114743970826561,0.007468308511212927,12.204562729487774,6.983705352029658e-27,0.07643437266159205,0.10586050675493917,-8,0.0071662676549740165,0.0035840669826704957,0.00010541609312072348,0.01422711921682731,4.085951661636552e-89
ev_m7,0.0804880427367396,0.009157579046627637,8.789227188421602,3.176847014058559e-16,0.062446999802325126,0.09852908567115407,-7,-0.0034931293165519975,0.005188979336537433,-0.013715765508891042,0.006729506875787047,4.085951661636552e-89
ev_m6,0.08039530051569493,0.010044410016672086,8.003984343754569,5.448279225430919e-14,0.06060714128289238,0.10018345974849749,-6,-0.003585871537596652,0.0066663788861956895,-0.016719083611503947,0.009547340536310645,4.085951661636552e-89
ev_m5,0.04781134866223674,0.009158717835552879,5.220310257472906,3.9152547029246575e-07,0.029768062237507973,0.06585463508696551,-5,-0.036169823391054845,0.006125305387427521,-0.04823708449994753,-0.024102562282162166,4.085951661636552e-89
ev_m4,0.10302764868241374,0.008302432966961681,12.409332191226019,1.4898967562044746e-27,0.08667130069410853,0.11938399667071894,-4,0.019046476629122143,0.005693170917545876,0.007830549315425718,0.030262403942818566,4.085951661636552e-89
ev_m3,0.10618840300469329,0.007601431670260285,13.96952674325062,1.0062780643420094e-32,0.09121307443500042,0.12116373157438616,-3,0.022207230951401688,0.004340160066415393,0.013656825467403563,0.03075763643539981,4.085951661636552e-89
ev_m2,0.06516001220726,0.006323338432792318,10.304685238630514,8.428431287165844e-21,0.052702612759875464,0.07761741165464454,-2,-0.018821159846031582,0.0035348894853403762,-0.025785128450476338,-0.011857191241586826,4.085951661636552e-89
ev_p0,0.018733950436769592,0.006895214288062399,2.7169497065817745,0.0070767819166526165,0.005149917322828617,0.03231798355071057,0,-0.065247221616522,0.005585548823690491,-0.07625112621045259,-0.0542433170225914,4.085951661636552e-89
ev_p1,0.04300212158925318,0.007435326756585364,5.7834878004745125,2.3091935485366722e-08,0.02835403080412849,0.05765021237437787,1,-0.04097905046403841,0.005891804669964134,-0.05258629954928114,-0.02937180137879568,4.085951661636552e-89
ev_p2,-0.008621944697356415,0.00792591773277478,-1.0878165769628754,0.277785782548147,-0.024236532503102398,0.006992643108389566,2,-0.092603116750648,0.006403920844379731,-0.10521926893604386,-0.07998696456525214,4.085951661636552e-89
ev_p3,0.032825518528691616,0.007758018962770353,4.231172762816987,3.3291746272640984e-05,0.017541702524407805,0.04810933453297543,3,-0.05115565352459997,0.0059348734387160975,-0.06284775096356482,-0.03946355608563512,4.085951661636552e-89
ev_p4,-0.02463435197969638,0.0077236850204979455,-3.1894557991838206,0.0016185868109554694,-0.039850527822373034,-0.009418176137019724,4,-0.10861552403298796,0.006003032823435371,-0.12044190001651603,-0.0967891480494599,4.085951661636552e-89
ev_p5,-0.05907282586830129,0.009689667970621057,-6.096475756177539,4.388695321066964e-09,-0.07816211955477743,-0.03998353218182514,5,-0.1430539979215929,0.007984627424806542,-0.15878424774556643,-0.12732374809761937,4.085951661636552e-89
ev_p6,-0.06142420409990665,0.011705804312016257,-5.247328800538157,3.434500943440979e-07,-0.08448542116389805,-0.038362987035915244,6,-0.14540537615319823,0.01050826246782753,-0.16610735572475183,-0.12470339658164464,4.085951661636552e-89
ev_p7,-0.0895995514246958,0.010005408022831438,-8.955112197347447,1.0394368091910255e-16,-0.10931087412222805,-0.06988822872716356,7,-0.17358072347798742,0.008754496316056327,-0.19082766648584587,-0.15633378047012897,4.085951661636552e-89
ev_p8,0.04246211889286522,0.009956954784945932,4.26456881747262,2.898889529423757e-05,0.022846252313216638,0.0620779854725138,8,-0.04151905316042637,0.00884835439519677,-0.05895090285889514,-0.02408720346195759,4.085951661636552e-89
ev_p9,0.024577383464353897,0.009654587293021155,2.5456689880591505,0.011544254291502477,0.005557201058001639,0.04359756587070615,9,-0.05940378858893769,0.008129135972610106,-0.0754187299129288,-0.04338884726494657,4.085951661636552e-89
ev_p10,-0.03202381977238028,0.007732360107880251,-4.141532381522682,4.8068807920196443e-05,-0.04725708611715657,-0.016790553427603987,10,-0.11600499182567187,0.006883880283676863,-0.12956669619326,-0.10244328745808373,4.085951661636552e-89
ev_p11,-0.13868865849894468,0.007265669253922916,-19.088215228633373,9.404242415379405e-50,-0.15300251266169418,-0.12437480433619519,11,-0.22266983055223627,0.00958401471759083,-0.24155098026699526,-0.20378868083747728,4.085951661636552e-89
