week,treated_index,synth_standard,synth_demeaned
2024-01-07,0.9470149464311283,0.944073386639379,0.9440733866393797
2024-01-14,1.130715994667679,1.0976924648027133,1.0976924648027142
2024-01-21,1.0605643680667054,1.0320928446304931,1.0320928446304938
2024-01-28,1.0617598005485098,1.0438296338603272,1.0438296338603283
2024-02-04,1.0531435652577934,1.0133282096931133,1.0133282096931142
2024-02-11,1.0774530312139,1.0578051014135388,1.0578051014135397
2024-02-18,1.039277250116687,1.0052484968347184,1.005248496834719
2024-02-25,1.0705900384258444,1.0747373213201494,1.0747373213201499
2024-03-03,1.0973315911552772,1.0881344759426717,1.088134475942672
2024-03-10,1.0098650503534359,0.9873303948648837,0.9873303948648842
2024-03-17,1.0429433600021913,1.0176857509888273,1.017685750988828
2024-03-24,0.9971450523463855,0.9877289320758124,0.987728932075813
2024-03-31,1.0647637302991924,1.0720439071869141,1.072043907186915
2024-04-07,0.9996052050327108,1.006527454577297,1.0065274545772978
2024-04-14,1.032181836486608,1.0449371518881627,1.044937151888163
2024-04-21,0.9905662269274457,1.0020921471105657,1.0020921471105657
2024-04-28,1.0453710614766116,1.0531842740379482,1.0531842740379487
2024-05-05,1.059697833002859,1.0969945291417262,1.096994529141727
2024-05-12,1.1025825480654483,1.0976651574777907,1.0976651574777914
2024-05-19,0.9653428646793066,0.9788753531407631,0.9788753531407635
2024-05-26,0.9232045274905366,0.9676897406969153,0.9676897406969156
2024-06-02,1.0332474641207916,1.0375915772292548,1.0375915772292554
2024-06-09,1.0222859709750898,1.017341177700764,1.017341177700764
2024-06-16,0.977484003230751,0.9831776717979117,0.9831776717979117
2024-06-23,1.0057112952295724,0.9901035107326682,0.9901035107326687
2024-06-30,0.7965097338540168,0.8415441202036167,0.8415441202036166
2024-07-07,0.9839558273563819,0.9347317195052284,0.9347317195052288
2024-07-14,1.0236208559621083,1.0031054978617029,1.003105497861703
2024-07-21,0.9745511153223475,0.9389037883007803,0.9389037883007803
2024-07-28,0.995632124223779,0.9690832214642855,0.9690832214642856
2024-08-04,0.9998569211899213,0.9720605783291603,0.9720605783291606
2024-08-11,0.8622743074293222,0.8606571824740078,0.8606571824740077
2024-08-18,0.849086836558881,0.8625488353257165,0.8625488353257166
2024-08-25,0.8580907322728973,0.8803239811572823,0.8803239811572825
2024-09-01,0.9760622893253915,0.9326569604763758,0.9326569604763763
2024-09-08,1.005764795876227,0.9709266634139844,0.970926663413985
2024-09-15,0.9824551780707125,0.9885966724046229,0.9885966724046233
2024-09-22,0.9966293411950274,1.0265791713683123,1.0265791713683128
2024-09-29,0.9676249742300441,1.001382249356102,1.0013822493561022
2024-10-06,0.985661708630857,1.0060863665959114,1.0060863665959119
2024-10-13,1.0180138127807614,1.0265909807779516,1.0265909807779516
2024-10-20,1.0387369812914549,1.0353123188978133,1.035312318897813
2024-10-27,1.0438362068594744,1.0608674532122508,1.0608674532122515
2024-11-03,0.993609624368283,0.989355304607287,0.9893553046072875
2024-11-10,1.0669958474424002,1.046000251215962,1.0460002512159627
2024-11-17,1.0895775056295012,1.1041238165322655,1.104123816532266
2024-11-24,0.8303879220232461,0.8859431068974186,0.8859431068974188
2024-12-01,1.115106084681505,1.0920394343414728,1.0920394343414739
2024-12-08,1.1998949619712784,1.201806551458674,1.2018065514586749
2024-12-15,1.058428727499432,1.1202066103475685,1.1202066103475692
2024-12-22,0.693693769821024,0.715533846169554,0.7155338461695544
2024-12-29,0.784093198531269,0.8351226515193786,0.8351226515193789
2025-01-05,0.9353000589333574,1.002047736098493,1.0020477360984932
2025-01-12,1.0162070696314458,1.0096071034092824,1.009607103409283
2025-01-19,1.0457350412858184,1.1024992043324107,1.1024992043324113
2025-01-26,1.0116323258125963,1.0654426041963663,1.0654426041963672
2025-02-02,1.0674896320992278,1.0661032169459455,1.0661032169459463
2025-02-09,1.053182155888167,1.099021552325734,1.0990215523257352
2025-02-16,1.0540600927291695,1.0984056796907866,1.098405679690788
2025-02-23,0.9486269823090128,1.0071751233226338,1.0071751233226343
2025-03-02,0.990631129351256,1.0451668389652957,1.0451668389652964
2025-03-09,0.9509766254629042,0.9855577285913405,0.985557728591341
2025-03-16,0.9421306005095077,0.9329238851835815,0.9329238851835823
2025-03-23,0.9351877952813611,0.9538908880928203,0.9538908880928209
2025-03-30,0.9722067345271433,1.0193394205183315,1.0193394205183322
2025-04-06,1.0394956380022111,1.0900554958111424,1.090055495811143
2025-04-13,0.9244148699886218,0.9685656899612075,0.9685656899612073
2025-04-20,0.9412210895163814,1.0112557922818308,1.0112557922818308
2025-04-27,0.9588008757711781,1.0525929339223221,1.0525929339223223
2025-05-04,1.0054744890886427,1.0911505049450962,1.0911505049450965
2025-05-11,0.997737944758491,1.0909626842153521,1.090962684215353
2025-05-18,0.9272512813210909,1.0605845112171586,1.060584511217159
2025-05-25,0.888194932203532,0.9882346203899848,0.9882346203899851
2025-06-01,0.9239561677230431,1.0003571716853785,1.000357171685379
2025-06-08,0.9387205920801199,1.043767851226232,1.0437678512262323
2025-06-15,0.8842043101989757,0.9904865585976153,0.9904865585976157
2025-06-22,0.9720032566579,1.0006326534558132,1.0006326534558132
2025-06-29,0.7577954380511341,0.8433526022695439,0.8433526022695439
2025-07-06,0.8682049856699395,0.8972032314107896,0.8972032314107895
2025-07-13,0.9497434794105073,0.9521444827946107,0.9521444827946106
2025-07-20,0.9110002406348443,0.9343673225397,0.9343673225396999
2025-07-27,0.9286142322211086,0.9831179401017717,0.9831179401017713
2025-08-03,0.8504155821274311,0.8970853297216367,0.8970853297216368
2025-08-10,0.844601552837716,0.9011513737945094,0.901151373794509
2025-08-17,0.8164049579312374,0.8630032281099964,0.8630032281099963
2025-08-24,0.8029605085448983,0.8689224316417177,0.8689224316417178
2025-08-31,0.9111861773084632,0.9807191192057275,0.9807191192057283
2025-09-07,1.022766599735199,1.0062923789214107,1.0062923789214115
2025-09-14,1.0115919810626601,1.0520547810699032,1.0520547810699035
2025-09-21,0.9386407796400288,1.0464162915385953,1.0464162915385953
2025-09-28,0.928116062265375,1.0333209289993877,1.0333209289993879
2025-10-05,1.0122936288876372,1.087235998740047,1.087235998740047
2025-10-12,1.0407305381741705,1.1219500175163062,1.1219500175163064
2025-10-19,1.007854829334877,1.1142918500643202,1.114291850064321
2025-10-26,1.0807288494967608,1.1849080033083512,1.1849080033083517
2025-11-02,1.0427407591927293,1.0867400328853303,1.0867400328853307
2025-11-09,1.0687096222549064,1.1516646958760086,1.1516646958760093
2025-11-16,1.0456806635793825,1.1289830088165997,1.1289830088166004
2025-11-23,0.7720660777513834,0.9211378638726546,0.921137863872655
2025-11-30,1.0638340469310978,1.1647224759437511,1.1647224759437516
2025-12-07,1.1774141656590178,1.2874183980122877,1.2874183980122884
2025-12-14,1.05233667025907,1.251189890267009,1.2511898902670093
2025-12-21,0.6424076991141174,0.758737862255451,0.758737862255451
