spec,coef,se,p,ci_low,ci_high,pct,n_obs,n_zones,n_treated,outcome
"Cơ sở: CRZ vs MN bắc + quận ngoài, vùng ≥100 chuyến/ngày",-0.09724835000129857,0.006224588922848672,2.9384538743888974e-38,-0.10951120631238315,-0.08498549369021399,-9.266935741635185,24411,237,37,ln_n
Đối chứng chỉ Manhattan phía bắc,-0.041255801472031346,0.015677278623816796,0.010914564193425605,-0.07264901041190573,-0.00986259253215696,-4.041636435629947,5974,58,37,ln_n
Đối chứng chỉ các quận ngoài,-0.10381730820864349,0.005982545125089735,9.235913706387182e-43,-0.11560925835101821,-0.09202535806626877,-9.861004107409887,22248,216,37,ln_n
Đối chứng chỉ Brooklyn và Queens,-0.10129708006521503,0.006405641539331856,3.1678439222445924e-34,-0.11395006377663244,-0.08864409635379761,-9.633546771343315,16171,157,37,ln_n
Ngưỡng vùng ≥50 chuyến/ngày,-0.09711985991480812,0.006313409858105421,1.1550691644461484e-37,-0.10955636954645682,-0.08468335028315942,-9.255276693341063,24926,242,38,ln_n
Ngưỡng vùng ≥300 chuyến/ngày,-0.0947952361101902,0.006176521053032092,9.149566556726868e-37,-0.10696705267013071,-0.08262341955024968,-9.044083972690963,23072,224,37,ln_n
Gộp vùng vắt ranh giới vào nhóm xử lý,-0.09446051547759149,0.005899884376308475,7.825102656563397e-40,-0.10608219701168792,-0.08283883394349506,-9.01363405511617,25029,243,43,ln_n
Bỏ tuần lễ cuối năm (20/12–05/01),-0.1005198909597875,0.006159814003277192,1.3846058528184403e-40,-0.11265513634891201,-0.08838464557066299,-9.56328764962241,23463,237,37,ln_n
Bỏ 4 tuần đầu sau chính sách,-0.10321752930461472,0.006607532243645264,2.9856108700302697e-38,-0.11623480955861713,-0.09020024905061232,-9.806924422937435,23463,237,37,ln_n
Chỉ 01–06/2025 là giai đoạn sau,-0.08431542368083607,0.005687591650138342,1.39229923072159e-35,-0.09552035946474832,-0.07311048789692381,-8.085870856268462,18486,237,37,ln_n
Chỉ 07–12/2025 là giai đoạn sau,-0.11069859337458163,0.008318230852709996,1.60493827406186e-30,-0.12708606425394867,-0.09431112249521459,-10.47914699478316,18249,237,37,ln_n
Có trọng số theo lưu lượng 2024,-0.08260079744461732,0.0066816564519259535,2.1251156674753636e-27,-0.09576410734436588,-0.06943748754486875,-7.928137290548342,24411,237,37,ln_n
Thêm xu hướng tuyến tính riêng của nhóm xử lý,0.010360316644236145,0.010171204013398393,0.30943931654775514,-0.009677635238689117,0.030398268527161407,1.0414170545196555,24411,237,37,ln_n
DDD: thêm FE nhóm × tuần-trong-năm,-0.10155351512248906,0.006086088266347667,8.204968309032938e-42,-0.11354351588106826,-0.08956351436390986,-9.656716927005593,24411,237,37,ln_n
FE quận × tuần (so sánh trong cùng quận),-0.041255801472031346,0.015677278623816796,0.010914564193425605,-0.07264901041190573,-0.00986259253215696,-4.041636435629947,5974,58,37,ln_n
"Phân cụm theo quận thay vì vùng (5 cụm, chỉ tham khảo)",-0.09724835000129857,0.010502885985454801,0.0007565165998839535,-0.1264090363860651,-0.06808766361653203,-9.266935741635185,24411,237,37,ln_n
Panel vùng × ngày,-0.09859558555881345,0.005974804962379806,3.382032920567135e-41,-0.110366350768942,-0.08682482034868491,-9.389092246776066,173247,237,37,ln_n
