daytype,hr,CRZ→CRZ,MN_NORTH→MN_NORTH,OUTER→OUTER,did_vs_outer,did_vs_mn
Cuối tuần,0,-0.029668912685202997,-0.32938952544900424,-0.4233068823766608,0.3936379696914578,0.29972061276380124
Cuối tuần,1,-0.15946946437429332,-0.29493809723771136,-0.4505128354934378,0.29104337111914447,0.13546863286341804
Cuối tuần,2,-0.216527193491876,-0.24247697962606374,-0.41508082719403916,0.19855363370216317,0.025949786134187747
Cuối tuần,3,-0.18401900234023927,-0.2791268994361271,-0.43563626461039817,0.2516172622701589,0.09510789709588785
Cuối tuần,4,-0.14289750796342737,-0.21769355025088544,-0.44366299131402087,0.3007654833505935,0.07479604228745806
Cuối tuần,5,-0.16901988587384942,-0.31622928172484954,-0.3559840626288775,0.18696417675502808,0.14720939585100012
Cuối tuần,6,-0.09066575277667788,-0.39515519524282006,-0.3510118427879192,0.2603460900112413,0.3044894424661422
Cuối tuần,7,-0.12319074929219909,-0.08094249572022427,-0.27969304286710894,0.15650229357490986,-0.042248253571974814
Cuối tuần,8,-0.08865496563755215,-0.21513273143162515,-0.26143980293997515,0.172784837302423,0.126477765794073
Cuối tuần,9,-0.0009342566648751216,-0.23318591040952086,-0.1849589206764275,0.18402466401155237,0.23225165374464574
Cuối tuần,10,0.0719392819835285,-0.21717786587098864,-0.16813379077860624,0.24007307276213474,0.28911714785451714
Cuối tuần,11,0.0678546265873834,-0.20035812563216737,-0.10406927738929816,0.17192390397668156,0.26821275221955077
Cuối tuần,12,0.1846186316418752,-0.20696999774299663,-0.09309663602173046,0.27771526766360566,0.3915886293848718
Cuối tuần,13,0.14091429986932802,-0.1796256298440877,-0.07061562009590183,0.21152991996522985,0.3205399297134157
Cuối tuần,14,0.1865805213138616,-0.12073717726207,-0.02375167631990216,0.21033219763376376,0.3073176985759316
Cuối tuần,15,0.25659371374337514,-0.15502738883826517,-0.0007605619652419904,0.25735427570861713,0.4116211025816403
Cuối tuần,16,0.3020848769010591,-0.11271445196846841,0.050444319944842775,0.25164055695621634,0.41479932886952753
Cuối tuần,17,0.32063646174636773,-0.06872189920733263,0.025284276100496328,0.2953521856458714,0.38935836095370036
Cuối tuần,18,0.3120797331357261,-0.151452425636327,-0.05824716958563236,0.3703269027213585,0.4635321587720531
Cuối tuần,19,0.27297006363133924,-0.1587189304943788,-0.09497518056973142,0.36794524420107066,0.43168899412571804
Cuối tuần,20,0.24318844908214654,-0.18511776993832285,-0.09844610128174125,0.3416345503638878,0.4283062190204694
Cuối tuần,21,0.14830146721221737,-0.19850660077200466,-0.11743356760460166,0.26573503481681904,0.34680806798422203
Cuối tuần,22,0.1724437417504472,-0.2912406856006893,-0.2059086052011576,0.3783523469516048,0.46368442735113646
Cuối tuần,23,0.1320827384662948,-0.2735201422839584,-0.2773968397010744,0.40947957816736924,0.4056028807502532
Ngày thường,0,0.036655078634369787,-0.19374545090302142,-0.37397974186416505,0.41063482049853484,0.2304005295373912
Ngày thường,1,-0.023447659696316236,-0.20580120841696647,-0.3506667533410557,0.32721909364473944,0.18235354872065024
Ngày thường,2,0.027406322311422926,-0.2335685095572817,-0.2564697785690875,0.2838761008805104,0.2609748318687046
Ngày thường,3,-0.035526245891983166,-0.11918026131067805,-0.22841820174547678,0.1928919558534936,0.08365401541869488
Ngày thường,4,0.038147394181160976,0.039877580270205826,-0.33032662172649196,0.36847401590765294,-0.0017301860890448495
Ngày thường,5,-0.06714653871362408,-0.29135808860856116,-0.05915851278131612,-0.007988025932307963,0.22421154989493708
Ngày thường,6,-0.12666024024217215,-0.15514793799015614,0.006259187794007914,-0.13291942803618007,0.028487697747983987
Ngày thường,7,-0.03174306825408557,-0.03710467445367982,0.06254584644018202,-0.09428891469426759,0.005361606199594249
Ngày thường,8,0.024872519632216594,-0.11851142159000183,-0.05191615337365185,0.07678867300586845,0.14338394122221843
Ngày thường,9,-0.018308491660085302,-0.206603783140638,-0.08978199865929781,0.07147350699921251,0.18829529148055268
Ngày thường,10,-0.03081716107178689,-0.31064102760263346,-0.13904337473189443,0.10822621366010754,0.27982386653084657
Ngày thường,11,-0.014253829146369412,-0.2924103878629989,-0.1545823720488979,0.1403285429025285,0.2781565587166295
Ngày thường,12,0.02754186572162798,-0.2664180571735315,-0.12159136293858275,0.14913322866021073,0.2939599228951595
Ngày thường,13,0.04080301426014632,-0.271518152202475,-0.13350454393713918,0.1743075581972855,0.3123211664626213
Ngày thường,14,0.09716024280269764,-0.2776188891158142,-0.12736363281553942,0.22452387561823706,0.37477913191851187
Ngày thường,15,0.10121521881214868,-0.16882216787474036,-0.0745558164440574,0.17577103525620608,0.27003738668688904
Ngày thường,16,0.09278274417644283,-0.15212479336808649,-0.08347802604948917,0.176260770225932,0.24490753754452932
Ngày thường,17,0.07035474438207778,-0.1944766655298853,-0.10885360343981176,0.17920834782188955,0.2648314099119631
Ngày thường,18,0.051316730430781554,-0.20681543955180892,-0.10418932374098411,0.15550605417176566,0.2581321699825905
Ngày thường,19,0.06131183651998917,-0.19011787762303456,-0.1591194327489589,0.22043126926894807,0.25142971414302373
Ngày thường,20,0.1229177991124395,-0.28162785793119305,-0.1859364913632735,0.308854290475713,0.40454565704363254
Ngày thường,21,0.07787242113210091,-0.24899578696730273,-0.2221785180603817,0.3000509391924826,0.32686820809940365
Ngày thường,22,0.0046097182120306,-0.25592179395020587,-0.34589786939648803,0.35050758760851863,0.26053151216223647
Ngày thường,23,0.08209325978575777,-0.2393483056649881,-0.34933858636363624,0.431431846149394,0.32144156545074587
