pu_grp,do_grp,2024,2025,chg_pct
AIRPORT,AIRPORT,737.060773480663,577.4570637119114,-21.65407731781006
AIRPORT,CRZ,8027.908839779006,8085.155124653739,0.7130908685842652
AIRPORT,CRZ_PARTIAL,805.1657458563536,811.2493074792244,0.7555663730329787
AIRPORT,MN_NORTH,1791.2900552486187,1736.202216066482,-3.0753165307162433
AIRPORT,OUTER,9482.17955801105,9292.919667590028,-1.9959534541942547
CRZ,AIRPORT,12960.127071823204,13410.650969529086,3.47623055861368
CRZ_PARTIAL,AIRPORT,1432.4944751381215,1484.8698060941829,3.6562326672157974
MN_NORTH,AIRPORT,3029.9696132596687,3014.1523545706373,-0.5220269741258221
OUTER,AIRPORT,15078.353591160221,15024.939058171745,-0.3542464544656343
