step,reads_gold,writes_gold,reads_raw,reads_silver,writes_silver,n_tables,n_figures,tables,figures
00_download_data,,,1,0,0,0,0,,
01_bronze_catalog,,,1,0,0,3,0,t01_bronze_manifest.csv;t02_schema_drift.csv;t03_bronze_summary.csv,
02_zone_dimension,,dim_zone;zone_adjacency;zone_polygons,1,0,0,2,0,t04_dim_zone.csv;t05_zone_groups.csv,
03_silver_gold_month,company_grp_day;dim_zone;grp_hour_day;od_month;trip_sample;zone_day_do;zone_day_pu;zone_hour_month,,1,1,1,0,0,,
04_gold_consolidate,,company_grp_day;grp_hour_day;od_month;trip_sample;zone_day_do;zone_day_pu;zone_hour_month,0,0,0,3,0,t06_quality_by_month.csv;t07_quality_summary.csv;t08_partition_runtime.csv,
05_benchmark,,,1,0,0,4,0,t09_bench_format.csv;t10_bench_engine.csv;t11_bench_pruning.csv;t12_rowgroup_stats.csv,
06_eda,company_grp_day;dim_zone;grp_hour_day;trip_sample;zone_day_pu;zone_polygons,,1,0,0,20,14,t01_bronze_manifest.csv;t06_quality_by_month.csv;t13_reject_rate_by_rule.csv;t14_daily_trips_by_group_hvfhv.csv;t15_weekly_yoy_pct_by_group_hvfhv.csv;t16_cbd_revenue_by_month.csv;t17_flow_matrix_by_year_hvfhv.csv;t18_flow_share_change_hvfhv.csv;t19_hour_profile_crz_touch.csv;t20_speed_intra_crz_by_hour.csv;t21_speed_by_month_flow.csv;t22_price_pay_by_month.csv;t23_company_share_by_month.csv;t24_company_share_crz_by_month.csv;t25_zone_yoy_pickups.csv;t26_desc_by_group_year_hvfhv.csv;t27_desc_by_group_year_yellow.csv;t27b_yellow_vendor_by_year_group.csv;t28_weekly_index_crz_by_service.csv;t29_rider_cost_quantiles_sample.csv,f01_rows_by_month;f02_reject_by_rule;f03_zone_group_map;f04_manhattan_map;f05_daily_trips_by_group;f06_weekly_yoy_by_group;f07_cbd_revenue;f08_hour_profile_crz;f09_speed_intra_crz_hour;f10_speed_by_month;f15_company_share;f16_zone_yoy_map;f17_weekly_index_crz_services;f18_rider_cost_hist
07_did_main,dim_zone;od_month;zone_day_pu;zone_hour_month,,0,0,0,8,4,t30_did_main.csv;t31_event_study_weekly_ln_n.csv;t32_event_study_monthly_hvfhv.csv;t33_heterogeneity_hour.csv;t34_heterogeneity_weekend.csv;t35_did_od_pairs.csv;t36_pass_through.csv;t37_event_od_ln_n.csv,f21_event_ddd_weekly;f22_event_monthly_grid;f23_heterogeneity_hour;f24_event_od
08_synthetic_control,dim_zone;od_month;zone_day_pu;zone_hour_month,,0,0,0,3,3,t38_scm_weights_;t39_scm_series.csv;t40_scm_placebo.csv,f25_scm_fit_gap;f26_scm_placebo;f27_scm_rmspe_ratio
09_dml_heterogeneity,dim_zone;od_month;trip_sample;zone_day_pu;zone_hour_month,dml_od_dataset,0,0,0,8,4,t41_dml_ate.csv;t41b_dml_sensitivity_xsets.csv;t42_dml_blp.csv;t43_dml_gates.csv;t44_dml_clan.csv;t45_dml_cate_importance.csv;t46_cate_by_distance.csv;t47_cate_by_flowtype.csv,f28_dml_overlap;f29_dml_gates;f30_cate_by_distance;f31_cate_importance
10_spillover_robustness,dim_zone;od_month;zone_day_do;zone_day_pu;zone_hour_month,,0,0,0,5,3,t48_spillover_bands.csv;t49_placebo_time.csv;t49b_placebo_time_od.csv;t50_permutation.csv;t51_robustness_ln_n.csv,f32_spillover_bands;f33_permutation;f34_robustness_forest
11_appendix_tables,dim_zone;grp_hour_day;od_month;zone_day_do;zone_day_pu;zone_hour_month,,0,0,0,3,0,a01_zone_detail.csv;a02_month_group_detail.csv;a03_flow_hour_detail.csv,
12_pipeline_figures,dim_zone,,0,0,0,8,4,t01_bronze_manifest.csv;t06_quality_by_month.csv;t08_partition_runtime.csv;t09_bench_format.csv;t10_bench_engine.csv;t11_bench_pruning.csv;t52_pipeline_totals.csv;t53_storage_by_layer.csv,f00_architecture;f35_bench_format;f36_bench_engine;f37_partition_runtime
13_build_report,,,0,0,0,0,0,,
14_extra_analysis,dim_zone;grp_hour_day;od_month;trip_sample;zone_day_pu;zone_hour_month;zone_polygons,,0,0,0,6,4,t54_zone_specific_effects.csv;t55_zone_effect_meta_regression.csv;t56_spillover_by_borough.csv;t57_speed_did_hour_daytype.csv;t58_airport_flows.csv;t59_distance_composition.csv,f38_zone_effects_map;f39_zone_effects_scatter;f40_speed_did_heatmap;f41_distance_composition
15_spark_pipeline,zone_day_pu,,0,1,0,11,5,t60_spark_repro_partitions.csv;t60b_spark_repro_totals.csv;t61_spark_validation.csv;t62_spark_engine.csv;t63_spark_shuffle.csv;t64_spark_scale.csv;t65_spark_cache.csv;t66_spark_pruning.csv;t66b_spark_arrow.csv;t67_stream_batches.csv;t67b_stream_hourly.csv,f42_spark_engine_scale;f43_spark_shuffle;f44_spark_cache;f45_stream_hourly;f46_stream_batches
16_governance_risk,dim_zone;dml_od_dataset;grp_hour_day;od_month;trip_sample;zone_adjacency;zone_day_pu;zone_hour_month;zone_polygons,,1,1,0,20,6,t01_bronze_manifest.csv;t06_quality_by_month.csv;t08_partition_runtime.csv;t68_data_catalog.csv;t68b_schema_fingerprints.csv;t69_lineage.csv;t70_sha256_manifest.csv;t71_reconciliation.csv;t72_daily_anomaly_scores.csv;t72b_anomaly_days_crz.csv;t72c_anomaly_summary.csv;t72d_pchart_reject.csv;t73_trip_anomaly_rules.csv;t73b_trip_anomaly_profile.csv;t73c_trip_anomaly_by_company.csv;t73d_trip_anomaly_by_crz_period.csv;t74_privacy_kanonymity.csv;t75_dp_replications.csv;t75b_dp_summary.csv;t76_recovery_rto.csv,f47_lineage;f48_anomaly_days;f49_pchart_reject;f50_trip_anomaly;f51_privacy_kanonymity;f52_dp_tradeoff
