service,month,bronze_rows,n_raw_processed,n_rejected,n_silver_log,n_silver_parquet,check_bronze,check_balance,check_silver
hvfhv,2024-01,19663930,19663930,753581,18910349,18910349,True,True,True
hvfhv,2024-02,19359148,19359148,766914,18592234,18592234,True,True,True
hvfhv,2024-03,21280788,21280788,838962,20441826,20441826,True,True,True
hvfhv,2024-04,19733038,19733038,810643,18922395,18922395,True,True,True
hvfhv,2024-05,20704538,20704538,877424,19827114,19827114,True,True,True
hvfhv,2024-06,20123226,20123226,869048,19254178,19254178,True,True,True
hvfhv,2024-07,19182934,19182934,812701,18370233,18370233,True,True,True
hvfhv,2024-08,19128392,19128392,814835,18313557,18313557,True,True,True
hvfhv,2024-09,19209788,19209788,853774,18356014,18356014,True,True,True
hvfhv,2024-10,20028282,20028282,918129,19110153,19110153,True,True,True
hvfhv,2024-11,19987533,19987533,856685,19130848,19130848,True,True,True
hvfhv,2024-12,21068851,21068851,966509,20102342,20102342,True,True,True
hvfhv,2025-01,20405666,20405666,836024,19569642,19569642,True,True,True
hvfhv,2025-02,19339461,19339461,810317,18529144,18529144,True,True,True
hvfhv,2025-03,20536879,20536879,972647,19564232,19564232,True,True,True
hvfhv,2025-04,19753983,19753983,893166,18860817,18860817,True,True,True
hvfhv,2025-05,21091193,21091193,979203,20111990,20111990,True,True,True
hvfhv,2025-06,19868009,19868009,947166,18920843,18920843,True,True,True
hvfhv,2025-07,19653012,19653012,944042,18708970,18708970,True,True,True
hvfhv,2025-08,19271461,19271461,1102651,18168810,18168810,True,True,True
hvfhv,2025-09,19434641,19434641,956570,18478071,18478071,True,True,True
hvfhv,2025-10,21308701,21308701,1024657,20284044,20284044,True,True,True
hvfhv,2025-11,20818240,20818240,974457,19843783,19843783,True,True,True
hvfhv,2025-12,22108438,22108438,1041969,21066469,21066469,True,True,True
yellow,2024-01,2964624,2964624,133232,2831392,2831392,True,True,True
yellow,2024-02,3007526,3007526,141665,2865861,2865861,True,True,True
yellow,2024-03,3582628,3582628,185765,3396863,3396863,True,True,True
yellow,2024-04,3514289,3514289,143527,3370762,3370762,True,True,True
yellow,2024-05,3723833,3723833,154378,3569455,3569455,True,True,True
yellow,2024-06,3539193,3539193,157328,3381865,3381865,True,True,True
yellow,2024-07,3076903,3076903,146426,2930477,2930477,True,True,True
yellow,2024-08,2979183,2979183,153661,2825522,2825522,True,True,True
yellow,2024-09,3633030,3633030,193257,3439773,3439773,True,True,True
yellow,2024-10,3833771,3833771,203444,3630327,3630327,True,True,True
yellow,2024-11,3646369,3646369,178942,3467427,3467427,True,True,True
yellow,2024-12,3668371,3668371,194567,3473804,3473804,True,True,True
yellow,2025-01,3475226,3475226,258850,3216376,3216376,True,True,True
yellow,2025-02,3577543,3577543,303748,3273795,3273795,True,True,True
yellow,2025-03,4145257,4145257,355884,3789373,3789373,True,True,True
yellow,2025-04,3970553,3970553,336621,3633932,3633932,True,True,True
yellow,2025-05,4591845,4591845,543777,4048068,4048068,True,True,True
yellow,2025-06,4322960,4322960,495800,3827160,3827160,True,True,True
yellow,2025-07,3898963,3898963,443803,3455160,3455160,True,True,True
yellow,2025-08,3574091,3574091,433097,3140994,3140994,True,True,True
yellow,2025-09,4251015,4251015,454770,3796245,3796245,True,True,True
yellow,2025-10,4428699,4428699,528595,3900104,3900104,True,True,True
yellow,2025-11,4181444,4181444,578276,3603168,3603168,True,True,True
yellow,2025-12,4305006,4305006,299182,4005824,4005824,True,True,True
