eps,rep,coef,se
inf,0,-0.09724835000129857,0.006224588922848672
0.001,1,-0.0750487703341931,0.009558018514022269
0.001,2,-0.08877030730757414,0.01047573638868261
0.001,3,-0.08698208866587405,0.009551202351683297
0.001,4,-0.09216488933372453,0.00831851441910403
0.001,5,-0.09512804331009296,0.009450506328880176
0.001,6,-0.08969741301763949,0.009356837118595107
0.001,7,-0.09182891958933492,0.009783729217256107
0.001,8,-0.08418278891819013,0.009007219333168084
0.001,9,-0.07630392597407987,0.010372278317152124
0.001,10,-0.08358948237468497,0.008651449108547874
0.001,11,-0.09211170637263719,0.008763540534181859
0.001,12,-0.07817008655733365,0.009071602416267964
0.001,13,-0.08074671364276428,0.010439187912411621
0.001,14,-0.09026651829109342,0.010486376208217693
0.001,15,-0.08473095366353693,0.008489166938454326
0.001,16,-0.08126917143277655,0.009914656720101488
0.001,17,-0.09286589420377385,0.008942664478118248
0.001,18,-0.08520979441488385,0.01037367421730046
0.001,19,-0.0827955392827966,0.008219649845416803
0.001,20,-0.08599975044698223,0.009145969152716534
0.001,21,-0.0735756367838043,0.009500222757361959
0.001,22,-0.08757897151654186,0.00914077626383017
0.001,23,-0.07753414130619181,0.008320137705600998
0.001,24,-0.08421840472380786,0.008623027335740779
0.001,25,-0.0863066130280387,0.009741716776989647
0.001,26,-0.082247053361386,0.008554427307056476
0.001,27,-0.0633054941340682,0.008771879618012552
0.001,28,-0.08697100977291006,0.008445291800567975
0.001,29,-0.07775425924260632,0.008437304775676264
0.001,30,-0.08474167079300723,0.00984532527052398
0.001,31,-0.10177762963876631,0.009017892310874331
0.001,32,-0.07866431689557386,0.007843007759502646
0.001,33,-0.06946361535125901,0.009327023535648208
0.001,34,-0.08395401626253546,0.01084289187089959
0.001,35,-0.07452315872315374,0.009484449485873557
0.001,36,-0.08957048897899623,0.009985095196316547
0.001,37,-0.08462109341817231,0.008770450892798357
0.001,38,-0.06287729807394338,0.009129889757476146
0.001,39,-0.07885922709112406,0.008810040430330115
0.001,40,-0.07828159659598562,0.009470442983299802
0.005,1,-0.09293664759600935,0.006235579720207052
0.005,2,-0.09564739756795301,0.006421495179793474
0.005,3,-0.09934652208923672,0.006821156391703287
0.005,4,-0.10072715641947726,0.0067988117479605
0.005,5,-0.09482253547769766,0.006397236831422643
0.005,6,-0.09278838102635042,0.006517738311338685
0.005,7,-0.08878698788285469,0.0066174515988615314
0.005,8,-0.09289048487238462,0.006939012857727146
0.005,9,-0.09669789955474377,0.0068882929265758576
0.005,10,-0.093036763271243,0.00657712595448658
0.005,11,-0.09412654846203264,0.006429610799300806
0.005,12,-0.09783197659112694,0.006228870363634991
0.005,13,-0.09364122877279284,0.0062404356641487715
0.005,14,-0.09419420460956943,0.00641564384248558
0.005,15,-0.09424994670860906,0.006586837666569703
0.005,16,-0.09472800194997567,0.006812801023763302
0.005,17,-0.097741303151459,0.0067719987420438
0.005,18,-0.09510480337517753,0.006298092977357495
0.005,19,-0.09997427035687358,0.006487455658646218
0.005,20,-0.09795606497046493,0.007099949622202266
0.005,21,-0.10355223778188442,0.006463280259982273
0.005,22,-0.09629381871060078,0.0064303679613657416
0.005,23,-0.09539387984339481,0.006816469891811187
0.005,24,-0.0979079751118021,0.006666275694865408
0.005,25,-0.09697279894013963,0.0066222154394180435
0.005,26,-0.09551285230548336,0.006518644860993241
0.005,27,-0.09109503746768861,0.006625335123550239
0.005,28,-0.09422354815588005,0.006521079378912888
0.005,29,-0.09388970097981372,0.006672713696944424
0.005,30,-0.09575219907544599,0.006608185884042917
0.005,31,-0.09331127118170857,0.006284223373898286
0.005,32,-0.09794751445818209,0.006746737553388217
0.005,33,-0.09468792427921045,0.0063629290932146875
0.005,34,-0.09541601415900965,0.006570723297195275
0.005,35,-0.09373081003888944,0.006154690681423618
0.005,36,-0.0938116107976453,0.006340614114238412
0.005,37,-0.10003835400250408,0.006588439952821534
0.005,38,-0.09655394673040678,0.006429408703820721
0.005,39,-0.0898006539350662,0.006558148585122728
0.005,40,-0.09748792135043036,0.006555411033488156
0.01,1,-0.09652052429928518,0.006261986840601344
0.01,2,-0.0962982151383456,0.0064348621448916425
0.01,3,-0.0964449048837589,0.006311728805201589
0.01,4,-0.0934986715601388,0.006218911289082199
0.01,5,-0.09685988192930806,0.006158030205142338
0.01,6,-0.09641805998218321,0.006305123414814731
0.01,7,-0.09842693110813339,0.006440786928648123
0.01,8,-0.09779911044770995,0.006292798134853266
0.01,9,-0.09723885138881483,0.006311258996238367
0.01,10,-0.09879357156322065,0.006223717170681804
0.01,11,-0.09355224602789494,0.0062875876441673955
0.01,12,-0.09907986611636349,0.006394761574173964
0.01,13,-0.09755922283505078,0.00614016180033116
0.01,14,-0.09545830941310277,0.006336514821630719
0.01,15,-0.09669000030793996,0.006309884167500144
0.01,16,-0.09616779359330212,0.006327919447945326
0.01,17,-0.0988501694472454,0.006219198875585891
0.01,18,-0.09561539158941511,0.006251938572068276
0.01,19,-0.09595398203639831,0.006158885072678565
0.01,20,-0.09550844509729961,0.006266065495545986
0.01,21,-0.09708471763636173,0.006324308866713042
0.01,22,-0.09668789154697313,0.006236497907401388
0.01,23,-0.09734159338730915,0.006293381695280764
0.01,24,-0.09830518856477674,0.006225307266474403
0.01,25,-0.09506535210937155,0.006289783681085652
0.01,26,-0.09771517607294891,0.0063001659976681815
0.01,27,-0.09612737380940378,0.0060799708585211505
0.01,28,-0.0978841488452938,0.006402277411990292
0.01,29,-0.09826861052284674,0.006369495220214385
0.01,30,-0.09609069341018193,0.00643690276045822
0.01,31,-0.0956188240004683,0.006220194540038513
0.01,32,-0.09712727966868925,0.00621348800617984
0.01,33,-0.09643875052202465,0.006204120271701434
0.01,34,-0.09655305353996192,0.006454504007480528
0.01,35,-0.0954041079185915,0.006235805305109188
0.01,36,-0.09576892152081239,0.00608509926851469
0.01,37,-0.09936381093348408,0.0062897242108056455
0.01,38,-0.09677921282780362,0.00651871788003416
0.01,39,-0.09545819326285632,0.006245969588178063
0.01,40,-0.09419032772308164,0.006248803254852255
0.05,1,-0.09772089938201446,0.006273929539027546
0.05,2,-0.09765707222270142,0.006238628034019928
0.05,3,-0.09740979281664283,0.006287999574080427
0.05,4,-0.09752302264069782,0.0062699547357726254
0.05,5,-0.09695966036245937,0.0062704256315416354
0.05,6,-0.09701531967670554,0.006246089506045887
0.05,7,-0.09722143011075776,0.006238180541800718
0.05,8,-0.09682918704526387,0.006238353669875131
0.05,9,-0.09681278662254815,0.006203810108383138
0.05,10,-0.09723673440852339,0.0062345199659279175
0.05,11,-0.09711980387463379,0.0062365506924639755
0.05,12,-0.0975488231211298,0.00627793496308902
0.05,13,-0.09718817938341588,0.0062316599854428095
0.05,14,-0.09706401605126544,0.006237637575399521
0.05,15,-0.09658621878450634,0.006222348846617474
0.05,16,-0.0975306407521817,0.0062320808908142376
0.05,17,-0.09704851098434471,0.006252559955249627
0.05,18,-0.09742892427821614,0.0062189730526608375
0.05,19,-0.09707635296620193,0.00621813810184702
0.05,20,-0.09725462843592922,0.0062626511908150185
0.05,21,-0.09717830259574861,0.006231306246028114
0.05,22,-0.09712224752331325,0.006224862562292416
0.05,23,-0.09732540857502925,0.006219454936276133
0.05,24,-0.09724544994593434,0.006267495474006826
0.05,25,-0.0971597763582205,0.006253055682264504
0.05,26,-0.09741903749664899,0.0062673610459552075
0.05,27,-0.09750618815799661,0.006246960767581067
0.05,28,-0.09716251596194161,0.0062036898719369515
0.05,29,-0.0972068714121802,0.006260446041161034
0.05,30,-0.09749231553209588,0.006232262396010193
0.05,31,-0.09698198236756257,0.006209496121552801
0.05,32,-0.0970285589336425,0.0062210377453132525
0.05,33,-0.09726393390773592,0.006242634997953653
0.05,34,-0.0966414890257736,0.00620201858904245
0.05,35,-0.0969435653005985,0.00622332157372101
0.05,36,-0.09745926210358226,0.006242961860789188
0.05,37,-0.09677599189762093,0.006233435146239924
0.05,38,-0.0974899546891857,0.006284292608375378
0.05,39,-0.09748500992814502,0.006242041464833785
0.05,40,-0.09704068427486225,0.006215063782971436
0.1,1,-0.09711947531168715,0.006224373095448617
0.1,2,-0.09723888783405782,0.006236689973057263
0.1,3,-0.09708868091266648,0.006220585827878424
0.1,4,-0.09743370727551831,0.006213944320122527
0.1,5,-0.09741806917782231,0.006203657975985555
0.1,6,-0.09776055448483002,0.0062404060893451714
0.1,7,-0.0974116621319937,0.0062349148300412495
0.1,8,-0.09705143493839137,0.006223595806426915
0.1,9,-0.09697566456067051,0.006214781257407711
0.1,10,-0.09713982056497975,0.006235202641644407
0.1,11,-0.09715529903167226,0.006228174937232021
0.1,12,-0.0972630377766664,0.006232638242608794
0.1,13,-0.09743067983626515,0.006230317603486917
0.1,14,-0.09717545011779928,0.006214463638301183
0.1,15,-0.09742158874648552,0.006215104665319245
0.1,16,-0.09734776602840618,0.006236162518099005
0.1,17,-0.0972485931327617,0.006240899739846582
0.1,18,-0.09704447560681241,0.006227598066821788
0.1,19,-0.09683537768549298,0.006205996890147215
0.1,20,-0.09749346966850711,0.006234860030290972
0.1,21,-0.0972028890234142,0.006230902297111059
0.1,22,-0.09704435417038776,0.006195239221534774
0.1,23,-0.09730528660955416,0.006224094973770956
0.1,24,-0.0974282896177225,0.006236813018183509
0.1,25,-0.09702500770885698,0.006212191629553652
0.1,26,-0.0972337080534317,0.006222926493850295
0.1,27,-0.09711341575246817,0.006219314414869294
0.1,28,-0.09739290734398214,0.0062236655899390305
0.1,29,-0.09725794094886553,0.006233101425295499
0.1,30,-0.09704485119972175,0.0062444446729604496
0.1,31,-0.09738180463091295,0.006231246957426389
0.1,32,-0.09733063915193552,0.006237879011645412
0.1,33,-0.09729726269589284,0.006217187259089312
0.1,34,-0.09742982462995285,0.006231421830370158
0.1,35,-0.0970317391309657,0.0062251192243069665
0.1,36,-0.09742797229270929,0.0062316632278487235
0.1,37,-0.09753582583833434,0.006255775752005863
0.1,38,-0.09733116617853088,0.006230280144497765
0.1,39,-0.09727624467901089,0.006244406812747867
0.1,40,-0.09734845867929204,0.006238314446078966
1.0,1,-0.09724537983962302,0.006224350749553216
1.0,2,-0.09724153329220045,0.006223676752360287
1.0,3,-0.09726249308405895,0.006225111128036462
1.0,4,-0.09724251903093174,0.006225367085753558
1.0,5,-0.09724427571649018,0.006225687436987274
1.0,6,-0.0972317180809266,0.006225536438226792
1.0,7,-0.09724823747644847,0.006224208035190783
1.0,8,-0.09726100450782033,0.006225613836064857
1.0,9,-0.0972432460204798,0.006225103630307531
1.0,10,-0.09725577501302972,0.006226656764728956
1.0,11,-0.09725380219534052,0.006224381495414292
1.0,12,-0.09725544330171049,0.006225739614188589
1.0,13,-0.0972320183734876,0.006225197467786877
1.0,14,-0.09724029826044028,0.006222800440825429
1.0,15,-0.09724294900053491,0.006225316923066774
1.0,16,-0.09726866689437004,0.006224651658024527
1.0,17,-0.09724569493704864,0.006224180671053786
1.0,18,-0.09724236206686994,0.006223804784583589
1.0,19,-0.09725615420157402,0.006223996393580009
1.0,20,-0.0972357044532798,0.006225514017346409
1.0,21,-0.09726975092983622,0.006225971599056909
1.0,22,-0.09725849087202232,0.006224981976720294
1.0,23,-0.09722020832399803,0.006226085236918024
1.0,24,-0.09724917350152938,0.0062254949193454884
1.0,25,-0.0972683422242134,0.0062247331516076705
1.0,26,-0.0972293089431935,0.00622289409115629
1.0,27,-0.09724929851900949,0.00622332116511067
1.0,28,-0.0972418635848753,0.00622479691312096
1.0,29,-0.0972682944700984,0.006225932748446311
1.0,30,-0.0972629324543984,0.00622358252225383
1.0,31,-0.09727243804549236,0.006226037148672264
1.0,32,-0.09724902578291614,0.006226323811351239
1.0,33,-0.09724869030493503,0.006224955168045604
1.0,34,-0.09725380229468729,0.006225414978085391
1.0,35,-0.09720474920593629,0.006222725844916944
1.0,36,-0.09723741285037299,0.006222654370484954
1.0,37,-0.09725275839494225,0.006223756968046731
1.0,38,-0.09722995309943054,0.006225531848155279
1.0,39,-0.09725728265596399,0.006227133181837337
1.0,40,-0.09726488156987759,0.006225614007570745
