group,period,term,coef,se,p,n_obs,n_clusters,within_r2
CRZ,2024,ln_n,0.007951612339813086,0.008568701424025195,0.35943066527662426,10707,38,0.8969248665868395
CRZ,2024,ln_mph,-0.6291629137537083,0.01958403711324415,1.2503965582094043e-28,10707,38,0.8969248665868395
CRZ,2025,ln_n,0.019914018054763973,0.011806536172074595,0.10007742071070133,10705,38,0.8505337664047771
CRZ,2025,ln_mph,-0.5944127425538244,0.025960449039859577,1.910025485723806e-23,10705,38,0.8505337664047771
MN_NORTH,2024,ln_n,0.02572424370762773,0.015744359984810597,0.11792982999503336,5644,21,0.8455045469250231
MN_NORTH,2024,ln_mph,-0.5343355752800047,0.028213257076286358,3.048770046932147e-14,5644,21,0.8455045469250231
MN_NORTH,2025,ln_n,0.05922621868076842,0.017383232668407606,0.0027952804112011584,5706,21,0.7831877909047031
MN_NORTH,2025,ln_mph,-0.4636992224396249,0.0354325990736126,2.89511487852386e-11,5706,21,0.7831877909047031
OUTER,2024,ln_n,-0.0048620066559523474,0.004601370416005505,0.2920749978991923,49161,183,0.888707981140166
OUTER,2024,ln_mph,-0.5306847675625554,0.011472362611745397,1.464696751050992e-102,49161,183,0.888707981140166
OUTER,2025,ln_n,0.0036663397841401185,0.004721472487261085,0.4384472822809168,49366,183,0.8343960419480612
OUTER,2025,ln_mph,-0.5213398537284584,0.011883215589593722,1.0196544965649134e-98,49366,183,0.8343960419480612
