outcome,label,M,effect,se,bound,ci_low,ci_high
ln_n,log số chuyến,0.0,-0.03214248491654025,0.00926465616665126,0.0,-0.050394476935838796,-0.013890492897241709
ln_n,log số chuyến,0.25,-0.03214248491654025,0.00926465616665126,0.2676436328057136,-0.31803810974155244,0.2537531399084719
ln_n,log số chuyến,0.5,-0.03214248491654025,0.00926465616665126,0.5352872656114273,-0.585681742547266,0.5213967727141855
ln_n,log số chuyến,0.75,-0.03214248491654025,0.00926465616665126,0.8029308984171409,-0.8533253753529797,0.7890404055198992
ln_n,log số chuyến,1.0,-0.03214248491654025,0.00926465616665126,1.0705745312228545,-1.1209690081586932,1.0566840383256129
ln_n,log số chuyến,1.5,-0.03214248491654025,0.00926465616665126,1.6058617968342819,-1.6562562737701205,1.5919713039370402
ln_n,log số chuyến,2.0,-0.03214248491654025,0.00926465616665126,2.141149062445709,-2.1915435393815477,2.1272585695484674
mph,Tốc độ (dặm/giờ),0.0,0.08213522282074158,0.0267165171204878,0.0,0.02950189801135996,0.1347685476301232
mph,Tốc độ (dặm/giờ),0.25,0.08213522282074158,0.0267165171204878,0.7605174054545363,-0.7310155074431763,0.8952859530846595
mph,Tốc độ (dặm/giờ),0.5,0.08213522282074158,0.0267165171204878,1.5210348109090726,-1.4915329128977126,1.6558033585391956
mph,Tốc độ (dặm/giờ),0.75,0.08213522282074158,0.0267165171204878,2.281552216363609,-2.252050318352249,2.416320763993732
mph,Tốc độ (dặm/giờ),1.0,0.08213522282074158,0.0267165171204878,3.042069621818145,-3.0125677238067854,3.1768381694482684
mph,Tốc độ (dặm/giờ),1.5,0.08213522282074158,0.0267165171204878,4.563104432727218,-4.5336025347158575,4.6978729803573405
mph,Tốc độ (dặm/giờ),2.0,0.08213522282074158,0.0267165171204878,6.08413924363629,-6.05463734562493,6.218907791266413
wait,Thời gian chờ (phút),0.0,-0.42562610146043856,0.028786744314180223,0.0,-0.48233791224250216,-0.36891429067837495
wait,Thời gian chờ (phút),0.25,-0.42562610146043856,0.028786744314180223,1.090219059163535,-1.5725569714060372,0.7213047684851601
wait,Thời gian chờ (phút),0.5,-0.42562610146043856,0.028786744314180223,2.18043811832707,-2.6627760305695722,1.8115238276486951
wait,Thời gian chờ (phút),0.75,-0.42562610146043856,0.028786744314180223,3.2706571774906052,-3.7529950897331075,2.9017428868122304
wait,Thời gian chờ (phút),1.0,-0.42562610146043856,0.028786744314180223,4.36087623665414,-4.843214148896642,3.991961945975765
wait,Thời gian chờ (phút),1.5,-0.42562610146043856,0.028786744314180223,6.5413143549812105,-7.023652267223713,6.172400064302836
wait,Thời gian chờ (phút),2.0,-0.42562610146043856,0.028786744314180223,8.72175247330828,-9.204090385550783,8.352838182629904
fare_pm,Giá cước cơ sở/dặm (USD),0.0,-0.1035287929380782,0.018667742189581584,0.0,-0.1403054930480102,-0.06675209282814619
fare_pm,Giá cước cơ sở/dặm (USD),0.25,-0.1035287929380782,0.018667742189581584,1.0255910575381688,-1.165896550586179,0.9588389647100227
fare_pm,Giá cước cơ sở/dặm (USD),0.5,-0.1035287929380782,0.018667742189581584,2.0511821150763376,-2.1914876081243477,1.9844300222481914
fare_pm,Giá cước cơ sở/dặm (USD),0.75,-0.1035287929380782,0.018667742189581584,3.0767731726145064,-3.2170786656625165,3.0100210797863602
fare_pm,Giá cước cơ sở/dặm (USD),1.0,-0.1035287929380782,0.018667742189581584,4.102364230152675,-4.242669723200686,4.035612137324529
fare_pm,Giá cước cơ sở/dặm (USD),1.5,-0.1035287929380782,0.018667742189581584,6.153546345229013,-6.293851838277024,6.086794252400867
fare_pm,Giá cước cơ sở/dặm (USD),2.0,-0.1035287929380782,0.018667742189581584,8.20472846030535,-8.345033953353362,8.137976367477204
pay_pm,Thu nhập tài xế/dặm (USD),0.0,-0.10921095391967192,0.012715248983232239,0.0,-0.1342608444704655,-0.08416106336887835
pay_pm,Thu nhập tài xế/dặm (USD),0.25,-0.10921095391967192,0.012715248983232239,0.6052448708365759,-0.7395057153070413,0.5210838074676974
pay_pm,Thu nhập tài xế/dặm (USD),0.5,-0.10921095391967192,0.012715248983232239,1.2104897416731517,-1.3447505861436173,1.1263286783042734
pay_pm,Thu nhập tài xế/dặm (USD),0.75,-0.10921095391967192,0.012715248983232239,1.8157346125097278,-1.9499954569801934,1.7315735491408495
pay_pm,Thu nhập tài xế/dặm (USD),1.0,-0.10921095391967192,0.012715248983232239,2.4209794833463034,-2.555240327816769,2.3368184199774253
pay_pm,Thu nhập tài xế/dặm (USD),1.5,-0.10921095391967192,0.012715248983232239,3.6314692250194556,-3.765730069489921,3.5473081616505775
pay_pm,Thu nhập tài xế/dặm (USD),2.0,-0.10921095391967192,0.012715248983232239,4.841958966692607,-4.976219811163072,4.757797903323728
rider_ex_pt,Chi phí hành khách/chuyến trừ phí CBD (USD),0.0,0.20978840238014085,0.0740871240305679,0.0,0.0638318150859275,0.3557449896743542
rider_ex_pt,Chi phí hành khách/chuyến trừ phí CBD (USD),0.25,0.20978840238014085,0.0740871240305679,4.283139425159766,-4.219307610073839,4.63888441483412
rider_ex_pt,Chi phí hành khách/chuyến trừ phí CBD (USD),0.5,0.20978840238014085,0.0740871240305679,8.566278850319533,-8.502447035233605,8.922023839993887
rider_ex_pt,Chi phí hành khách/chuyến trừ phí CBD (USD),0.75,0.20978840238014085,0.0740871240305679,12.8494182754793,-12.785586460393372,13.205163265153654
rider_ex_pt,Chi phí hành khách/chuyến trừ phí CBD (USD),1.0,0.20978840238014085,0.0740871240305679,17.132557700639065,-17.06872588555314,17.48830269031342
rider_ex_pt,Chi phí hành khách/chuyến trừ phí CBD (USD),1.5,0.20978840238014085,0.0740871240305679,25.6988365509586,-25.635004735872673,26.054581540632956
rider_ex_pt,Chi phí hành khách/chuyến trừ phí CBD (USD),2.0,0.20978840238014085,0.0740871240305679,34.26511540127813,-34.201283586192204,34.62086039095249
pay_share,Thu nhập tài xế/giá cước (%),0.0,0.2752122888486077,0.14511091730348483,0.0,-0.010665919354085618,0.5610904970513011
pay_share,Thu nhập tài xế/giá cước (%),0.25,0.2752122888486077,0.14511091730348483,5.305990713653114,-5.3166566330072,5.8670812107044155
pay_share,Thu nhập tài xế/giá cước (%),0.5,0.2752122888486077,0.14511091730348483,10.611981427306228,-10.622647346660314,11.173071924357528
pay_share,Thu nhập tài xế/giá cước (%),0.75,0.2752122888486077,0.14511091730348483,15.91797214095934,-15.928638060313427,16.479062638010642
pay_share,Thu nhập tài xế/giá cước (%),1.0,0.2752122888486077,0.14511091730348483,21.223962854612456,-21.23462877396654,21.785053351663755
pay_share,Thu nhập tài xế/giá cước (%),1.5,0.2752122888486077,0.14511091730348483,31.83594428191868,-31.846610201272767,32.39703477896999
pay_share,Thu nhập tài xế/giá cước (%),2.0,0.2752122888486077,0.14511091730348483,42.44792570922491,-42.458591628579,43.009016206276215
shared_pct,Tỷ lệ yêu cầu đi chung (%),0.0,0.134717854162602,0.09222863073076285,0.0,-0.04697871414697727,0.3164144224721813
shared_pct,Tỷ lệ yêu cầu đi chung (%),0.25,0.134717854162602,0.09222863073076285,1.8605311507585538,-1.907509864905531,2.1769455732307352
shared_pct,Tỷ lệ yêu cầu đi chung (%),0.5,0.134717854162602,0.09222863073076285,3.7210623015171076,-3.768041015664085,4.037476723989289
shared_pct,Tỷ lệ yêu cầu đi chung (%),0.75,0.134717854162602,0.09222863073076285,5.581593452275661,-5.6285721664226385,5.898007874747843
shared_pct,Tỷ lệ yêu cầu đi chung (%),1.0,0.134717854162602,0.09222863073076285,7.442124603034215,-7.4891033171811925,7.758539025506397
shared_pct,Tỷ lệ yêu cầu đi chung (%),1.5,0.134717854162602,0.09222863073076285,11.163186904551322,-11.2101656186983,11.479601327023504
shared_pct,Tỷ lệ yêu cầu đi chung (%),2.0,0.134717854162602,0.09222863073076285,14.88424920606843,-14.931227920215408,15.200663628540612
