outcome,label,M,effect_trend_adj,se,bound,ci_low,ci_high
ln_n,log số chuyến,0.0,0.0005755631643600753,0.007958972226404067,0.0,-0.015104144203631008,0.01625527053235116
ln_n,log số chuyến,0.0025,0.0005755631643600753,0.007958972226404067,0.07583333333333334,-0.09093747753696434,0.0920886038656845
ln_n,log số chuyến,0.005,0.0005755631643600753,0.007958972226404067,0.15166666666666667,-0.16677081087029766,0.16792193719901782
ln_n,log số chuyến,0.01,0.0005755631643600753,0.007958972226404067,0.30333333333333334,-0.31843747753696433,0.3195886038656845
ln_n,log số chuyến,0.02,0.0005755631643600753,0.007958972226404067,0.6066666666666667,-0.6217708108702977,0.6229219371990178
ln_n,log số chuyến,0.05,0.0005755631643600753,0.007958972226404067,1.5166666666666666,-1.5317708108702976,1.5329219371990177
mph,Tốc độ (dặm/giờ),0.0,0.14653230119184957,0.028736679024377487,0.0,0.08991912237771722,0.20314548000598193
mph,Tốc độ (dặm/giờ),0.0025,0.14653230119184957,0.028736679024377487,0.07583333333333334,0.014085789044383887,0.27897881333931523
mph,Tốc độ (dặm/giờ),0.005,0.14653230119184957,0.028736679024377487,0.15166666666666667,-0.06174754428894945,0.3548121466726486
mph,Tốc độ (dặm/giờ),0.01,0.14653230119184957,0.028736679024377487,0.30333333333333334,-0.21341421095561613,0.5064788133393152
mph,Tốc độ (dặm/giờ),0.02,0.14653230119184957,0.028736679024377487,0.6066666666666667,-0.5167475442889494,0.8098121466726486
mph,Tốc độ (dặm/giờ),0.05,0.14653230119184957,0.028736679024377487,1.5166666666666666,-1.4267475442889495,1.7198121466726486
wait,Thời gian chờ (phút),0.0,-0.2501929630156592,0.02465577556609175,0.0,-0.2987664891959171,-0.2016194368354013
wait,Thời gian chờ (phút),0.0025,-0.2501929630156592,0.02465577556609175,0.07583333333333334,-0.3745998225292504,-0.12578610350206798
wait,Thời gian chờ (phút),0.005,-0.2501929630156592,0.02465577556609175,0.15166666666666667,-0.45043315586258376,-0.04995277016873463
wait,Thời gian chờ (phút),0.01,-0.2501929630156592,0.02465577556609175,0.30333333333333334,-0.6020998225292504,0.10171389649793204
wait,Thời gian chờ (phút),0.02,-0.2501929630156592,0.02465577556609175,0.6066666666666667,-0.9054331558625838,0.4050472298312654
wait,Thời gian chờ (phút),0.05,-0.2501929630156592,0.02465577556609175,1.5166666666666666,-1.8154331558625836,1.3150472298312652
fare_pm,Giá cước cơ sở/dặm (USD),0.0,0.10243090277970826,0.014780033945212599,0.0,0.07331324781653553,0.131548557742881
fare_pm,Giá cước cơ sở/dặm (USD),0.0025,0.10243090277970826,0.014780033945212599,0.07583333333333334,-0.0025200855167978042,0.20738189107621433
fare_pm,Giá cước cơ sở/dặm (USD),0.005,0.10243090277970826,0.014780033945212599,0.15166666666666667,-0.07835341885013114,0.2832152244095477
fare_pm,Giá cước cơ sở/dặm (USD),0.01,0.10243090277970826,0.014780033945212599,0.30333333333333334,-0.2300200855167978,0.43488189107621433
fare_pm,Giá cước cơ sở/dặm (USD),0.02,0.10243090277970826,0.014780033945212599,0.6066666666666667,-0.5333534188501312,0.7382152244095477
fare_pm,Giá cước cơ sở/dặm (USD),0.05,0.10243090277970826,0.014780033945212599,1.5166666666666666,-1.443353418850131,1.6482152244095476
pay_pm,Thu nhập tài xế/dặm (USD),0.0,0.12394083085916628,0.01269263366121785,0.0,0.09893549400464548,0.1489461677136871
pay_pm,Thu nhập tài xế/dặm (USD),0.0025,0.12394083085916628,0.01269263366121785,0.07583333333333334,0.023102160671312138,0.2247795010470204
pay_pm,Thu nhập tài xế/dặm (USD),0.005,0.12394083085916628,0.01269263366121785,0.15166666666666667,-0.052731172662021195,0.3006128343803538
pay_pm,Thu nhập tài xế/dặm (USD),0.01,0.12394083085916628,0.01269263366121785,0.30333333333333334,-0.20439783932868785,0.45227950104702047
pay_pm,Thu nhập tài xế/dặm (USD),0.02,0.12394083085916628,0.01269263366121785,0.6066666666666667,-0.5077311726620212,0.7556128343803538
pay_pm,Thu nhập tài xế/dặm (USD),0.05,0.12394083085916628,0.01269263366121785,1.5166666666666666,-1.4177311726620212,1.6656128343803538
rider_ex_pt,Chi phí hành khách/chuyến trừ phí CBD (USD),0.0,0.6074862984502962,0.06340617796897834,0.0,0.48257188895178144,0.732400707948811
rider_ex_pt,Chi phí hành khách/chuyến trừ phí CBD (USD),0.0025,0.6074862984502962,0.06340617796897834,0.07583333333333334,0.4067385556184481,0.8082340412821443
rider_ex_pt,Chi phí hành khách/chuyến trừ phí CBD (USD),0.005,0.6074862984502962,0.06340617796897834,0.15166666666666667,0.33090522228511476,0.8840673746154776
rider_ex_pt,Chi phí hành khách/chuyến trừ phí CBD (USD),0.01,0.6074862984502962,0.06340617796897834,0.30333333333333334,0.1792385556184481,1.0357340412821443
rider_ex_pt,Chi phí hành khách/chuyến trừ phí CBD (USD),0.02,0.6074862984502962,0.06340617796897834,0.6066666666666667,-0.12409477771488524,1.3390673746154778
rider_ex_pt,Chi phí hành khách/chuyến trừ phí CBD (USD),0.05,0.6074862984502962,0.06340617796897834,1.5166666666666666,-1.0340947777148852,2.2490673746154775
pay_share,Thu nhập tài xế/giá cước (%),0.0,0.850427649265624,0.2220566238611003,0.0,0.4129612550853268,1.2878940434459212
pay_share,Thu nhập tài xế/giá cước (%),0.0025,0.850427649265624,0.2220566238611003,0.07583333333333334,0.33712792175199346,1.3637273767792544
pay_share,Thu nhập tài xế/giá cước (%),0.005,0.850427649265624,0.2220566238611003,0.15166666666666667,0.26129458841866016,1.4395607101125878
pay_share,Thu nhập tài xế/giá cước (%),0.01,0.850427649265624,0.2220566238611003,0.30333333333333334,0.10962792175199343,1.5912273767792546
pay_share,Thu nhập tài xế/giá cước (%),0.02,0.850427649265624,0.2220566238611003,0.6066666666666667,-0.19370541158133991,1.8945607101125879
pay_share,Thu nhập tài xế/giá cước (%),0.05,0.850427649265624,0.2220566238611003,1.5166666666666666,-1.1037054115813398,2.804560710112588
shared_pct,Tỷ lệ yêu cầu đi chung (%),0.0,-0.3786420008792576,0.12124461812021979,0.0,-0.6175020041548062,-0.13978199760370905
shared_pct,Tỷ lệ yêu cầu đi chung (%),0.0025,-0.3786420008792576,0.12124461812021979,0.07583333333333334,-0.6933353374881395,-0.06394866427037574
shared_pct,Tỷ lệ yêu cầu đi chung (%),0.005,-0.3786420008792576,0.12124461812021979,0.15166666666666667,-0.7691686708214729,0.011884669062957626
shared_pct,Tỷ lệ yêu cầu đi chung (%),0.01,-0.3786420008792576,0.12124461812021979,0.30333333333333334,-0.9208353374881395,0.1635513357296243
shared_pct,Tỷ lệ yêu cầu đi chung (%),0.02,-0.3786420008792576,0.12124461812021979,0.6066666666666667,-1.2241686708214727,0.46688466906295767
shared_pct,Tỷ lệ yêu cầu đi chung (%),0.05,-0.3786420008792576,0.12124461812021979,1.5166666666666666,-2.134168670821473,1.3768846690629575
