outcome,estimator,trim,n_used,n_treated,estimate,se_iid,se_cluster_pu
dlog_n,AIPW cắt xu hướng,"0,01",5888,3423,-0.09148529653643445,0.003476295314464923,0.006377329337009442
dlog_n,AIPW cắt xu hướng,"0,025",5285,3117,-0.08901658401597226,0.0033830900195557104,0.006535847037873078
dlog_n,AIPW cắt xu hướng,"0,05 (chính)",4630,2722,-0.08784498121193739,0.0030955725825388366,0.006258139843158051
dlog_n,AIPW cắt xu hướng,"0,10",3760,2175,-0.08210145371539657,0.003095924831761609,0.006513330398511029
dlog_n,AIPW cắt xu hướng,"Crump (0,089)",3947,2299,-0.08306517352736152,0.0030617755441217955,0.0065314515419281835
dlog_n,ATO (trọng số chồng lấn),không cắt,9280,3539,-0.08459181672934844,0.0028016877154216123,0.006275914196935415
d_mph,AIPW cắt xu hướng,"0,01",5888,3423,0.29656509396141223,0.01745359069247023,0.022897369291591835
d_mph,AIPW cắt xu hướng,"0,025",5285,3117,0.3099512793500752,0.016247523209191594,0.025246599633567762
d_mph,AIPW cắt xu hướng,"0,05 (chính)",4630,2722,0.3387021323497176,0.013182285331996127,0.023563078627497836
d_mph,AIPW cắt xu hướng,"0,10",3760,2175,0.35443012649351474,0.012636411912387598,0.025158281794648386
d_mph,AIPW cắt xu hướng,"Crump (0,089)",3947,2299,0.35833546733396676,0.012533708460677603,0.02495592660286717
d_mph,ATO (trọng số chồng lấn),không cắt,9280,3539,0.3475411555146589,0.011333586594344068,0.02400707923016818
d_pay_pm,AIPW cắt xu hướng,"0,01",5888,3423,-0.026970610516411163,0.0046277780393191425,0.00822391045456814
d_pay_pm,AIPW cắt xu hướng,"0,025",5285,3117,-0.03239659128379426,0.0038698317540633693,0.008076998637368087
d_pay_pm,AIPW cắt xu hướng,"0,05 (chính)",4630,2722,-0.03599504983725556,0.0038010171494566444,0.008155919364982762
d_pay_pm,AIPW cắt xu hướng,"0,10",3760,2175,-0.041343056708036174,0.003791150254791648,0.00862820767603993
d_pay_pm,AIPW cắt xu hướng,"Crump (0,089)",3947,2299,-0.04168260523323357,0.003722710876422834,0.00852194573811345
d_pay_pm,ATO (trọng số chồng lấn),không cắt,9280,3539,-0.039658564084677196,0.003381491915221953,0.008402195646291695
